Size,formula,normalized,normalizedSize
3,(v || r),((v --> ⊥) --> r),5
3,(q <-> t),(((q --> t) --> ((t --> q) --> ⊥)) --> ⊥),11
3,(z <-> u),(((z --> u) --> ((u --> z) --> ⊥)) --> ⊥),11
3,Box(Box(z)),Box(Box(z)),3
3,Box(!(q)),Box((q --> ⊥)),4
3,(p <-> ⊥),(((p --> ⊥) --> ((⊥ --> p) --> ⊥)) --> ⊥),11
3,(v <-> u),(((v --> u) --> ((u --> v) --> ⊥)) --> ⊥),11
3,(z <-> x),(((z --> x) --> ((x --> z) --> ⊥)) --> ⊥),11
3,(z <-> ⊥),(((z --> ⊥) --> ((⊥ --> z) --> ⊥)) --> ⊥),11
3,(q <-> t),(((q --> t) --> ((t --> q) --> ⊥)) --> ⊥),11
3,(t <-> q),(((t --> q) --> ((q --> t) --> ⊥)) --> ⊥),11
3,(x <-> t),(((x --> t) --> ((t --> x) --> ⊥)) --> ⊥),11
3,(v <-> s),(((v --> s) --> ((s --> v) --> ⊥)) --> ⊥),11
3,(z <-> q),(((z --> q) --> ((q --> z) --> ⊥)) --> ⊥),11
3,(r <-> y),(((r --> y) --> ((y --> r) --> ⊥)) --> ⊥),11
3,(w <-> s),(((w --> s) --> ((s --> w) --> ⊥)) --> ⊥),11
3,!(Diamond(s)),((Box((s --> ⊥)) --> ⊥) --> ⊥),8
3,(z <-> v),(((z --> v) --> ((v --> z) --> ⊥)) --> ⊥),11
3,(v <-> u),(((v --> u) --> ((u --> v) --> ⊥)) --> ⊥),11
3,(y <-> v),(((y --> v) --> ((v --> y) --> ⊥)) --> ⊥),11
3,(w <-> ⊥),(((w --> ⊥) --> ((⊥ --> w) --> ⊥)) --> ⊥),11
3,!(Diamond(q)),((Box((q --> ⊥)) --> ⊥) --> ⊥),8
3,(y || ⊥),((y --> ⊥) --> ⊥),5
3,(v <-> ⊥),(((v --> ⊥) --> ((⊥ --> v) --> ⊥)) --> ⊥),11
3,(w && w),((w --> (w --> ⊥)) --> ⊥),7
3,Box(Box(⊥)),Box(Box(⊥)),3
3,!(Diamond(z)),((Box((z --> ⊥)) --> ⊥) --> ⊥),8
3,(w || u),((w --> ⊥) --> u),5
3,(⊥ && u),((⊥ --> (u --> ⊥)) --> ⊥),7
3,(s && x),((s --> (x --> ⊥)) --> ⊥),7
3,(⊥ && v),((⊥ --> (v --> ⊥)) --> ⊥),7
3,(t && ⊥),((t --> (⊥ --> ⊥)) --> ⊥),7
3,(⊥ && u),((⊥ --> (u --> ⊥)) --> ⊥),7
3,(⊥ && p),((⊥ --> (p --> ⊥)) --> ⊥),7
3,(p && r),((p --> (r --> ⊥)) --> ⊥),7
3,(y && p),((y --> (p --> ⊥)) --> ⊥),7
3,Box(!(t)),Box((t --> ⊥)),4
3,(⊥ && ⊥),((⊥ --> (⊥ --> ⊥)) --> ⊥),7
3,(x && r),((x --> (r --> ⊥)) --> ⊥),7
3,Box(Box(r)),Box(Box(r)),3
3,(v && y),((v --> (y --> ⊥)) --> ⊥),7
3,Box(Diamond(w)),Box((Box((w --> ⊥)) --> ⊥)),7
3,(⊥ || t),((⊥ --> ⊥) --> t),5
3,(q && ⊥),((q --> (⊥ --> ⊥)) --> ⊥),7
3,Box(Box(q)),Box(Box(q)),3
3,Box(Diamond(x)),Box((Box((x --> ⊥)) --> ⊥)),7
3,(z || z),((z --> ⊥) --> z),5
3,(u && q),((u --> (q --> ⊥)) --> ⊥),7
3,Box(Box(q)),Box(Box(q)),3
3,(s || z),((s --> ⊥) --> z),5
3,Box(!(w)),Box((w --> ⊥)),4
3,Box(Diamond(r)),Box((Box((r --> ⊥)) --> ⊥)),7
3,Box(!(x)),Box((x --> ⊥)),4
3,Box(Diamond(w)),Box((Box((w --> ⊥)) --> ⊥)),7
3,(q || v),((q --> ⊥) --> v),5
3,(w || r),((w --> ⊥) --> r),5
3,(z || ⊥),((z --> ⊥) --> ⊥),5
3,Box(!(u)),Box((u --> ⊥)),4
3,(s || ⊥),((s --> ⊥) --> ⊥),5
3,Box(Diamond(s)),Box((Box((s --> ⊥)) --> ⊥)),7
3,(r || w),((r --> ⊥) --> w),5
3,(x || x),((x --> ⊥) --> x),5
3,Diamond(!(r)),(Box(((r --> ⊥) --> ⊥)) --> ⊥),8
3,(z || p),((z --> ⊥) --> p),5
3,(z || s),((z --> ⊥) --> s),5
3,(y || x),((y --> ⊥) --> x),5
3,(z || x),((z --> ⊥) --> x),5
3,(q || p),((q --> ⊥) --> p),5
3,(p || ⊥),((p --> ⊥) --> ⊥),5
3,(⊥ || ⊥),((⊥ --> ⊥) --> ⊥),5
3,Box(!(q)),Box((q --> ⊥)),4
3,(r || s),((r --> ⊥) --> s),5
3,Box(!(y)),Box((y --> ⊥)),4
3,(z --> v),(z --> v),3
3,Box(!(s)),Box((s --> ⊥)),4
3,Diamond(Diamond(p)),(Box(((Box((p --> ⊥)) --> ⊥) --> ⊥)) --> ⊥),11
3,(s || ⊥),((s --> ⊥) --> ⊥),5
3,!(Box(x)),(Box(x) --> ⊥),4
3,Diamond(!(z)),(Box(((z --> ⊥) --> ⊥)) --> ⊥),8
3,Diamond(Box(s)),(Box((Box(s) --> ⊥)) --> ⊥),7
3,(u --> r),(u --> r),3
3,(y --> u),(y --> u),3
3,Diamond(Diamond(x)),(Box(((Box((x --> ⊥)) --> ⊥) --> ⊥)) --> ⊥),11
3,Diamond(!(p)),(Box(((p --> ⊥) --> ⊥)) --> ⊥),8
3,!(Box(p)),(Box(p) --> ⊥),4
3,Diamond(!(⊥)),(Box(((⊥ --> ⊥) --> ⊥)) --> ⊥),8
3,(s --> t),(s --> t),3
3,Diamond(Box(⊥)),(Box((Box(⊥) --> ⊥)) --> ⊥),7
3,!(Box(y)),(Box(y) --> ⊥),4
3,(s --> x),(s --> x),3
3,(t --> z),(t --> z),3
3,(v --> ⊥),(v --> ⊥),3
3,(w --> u),(w --> u),3
4,!(Diamond(Diamond(u))),((Box(((Box((u --> ⊥)) --> ⊥) --> ⊥)) --> ⊥) --> ⊥),13
4,(y <-> Diamond(t)),(((y --> (Box((t --> ⊥)) --> ⊥)) --> (((Box((t --> ⊥)) --> ⊥) --> y) --> ⊥)) --> ⊥),21
4,(p <-> Diamond(x)),(((p --> (Box((x --> ⊥)) --> ⊥)) --> (((Box((x --> ⊥)) --> ⊥) --> p) --> ⊥)) --> ⊥),21
4,(Diamond(x) <-> t),((((Box((x --> ⊥)) --> ⊥) --> t) --> ((t --> (Box((x --> ⊥)) --> ⊥)) --> ⊥)) --> ⊥),21
4,(Box(⊥) || x),((Box(⊥) --> ⊥) --> x),6
4,Box(!(Diamond(t))),Box(((Box((t --> ⊥)) --> ⊥) --> ⊥)),9
4,!(Diamond(Box(v))),((Box((Box(v) --> ⊥)) --> ⊥) --> ⊥),9
4,(r <-> !(r)),(((r --> (r --> ⊥)) --> (((r --> ⊥) --> r) --> ⊥)) --> ⊥),15
4,(!(r) <-> u),((((r --> ⊥) --> u) --> ((u --> (r --> ⊥)) --> ⊥)) --> ⊥),15
4,(s <-> !(u)),(((s --> (u --> ⊥)) --> (((u --> ⊥) --> s) --> ⊥)) --> ⊥),15
4,(!(⊥) <-> t),((((⊥ --> ⊥) --> t) --> ((t --> (⊥ --> ⊥)) --> ⊥)) --> ⊥),15
4,(Box(t) <-> y),(((Box(t) --> y) --> ((y --> Box(t)) --> ⊥)) --> ⊥),13
4,Box((t <-> ⊥)),Box((((t --> ⊥) --> ((⊥ --> t) --> ⊥)) --> ⊥)),12
4,Box((t <-> q)),Box((((t --> q) --> ((q --> t) --> ⊥)) --> ⊥)),12
4,(Box(w) <-> x),(((Box(w) --> x) --> ((x --> Box(w)) --> ⊥)) --> ⊥),13
4,(Box(p) <-> w),(((Box(p) --> w) --> ((w --> Box(p)) --> ⊥)) --> ⊥),13
4,Box(Box(Box(z))),Box(Box(Box(z))),4
4,(y && Diamond(x)),((y --> ((Box((x --> ⊥)) --> ⊥) --> ⊥)) --> ⊥),12
4,(Diamond(p) && q),(((Box((p --> ⊥)) --> ⊥) --> (q --> ⊥)) --> ⊥),12
4,(⊥ && !(w)),((⊥ --> ((w --> ⊥) --> ⊥)) --> ⊥),9
4,(p && Diamond(x)),((p --> ((Box((x --> ⊥)) --> ⊥) --> ⊥)) --> ⊥),12
4,(q && Diamond(q)),((q --> ((Box((q --> ⊥)) --> ⊥) --> ⊥)) --> ⊥),12
4,(Diamond(r) --> ⊥),((Box((r --> ⊥)) --> ⊥) --> ⊥),8
4,!((y && t)),(((y --> (t --> ⊥)) --> ⊥) --> ⊥),9
4,(Diamond(z) --> x),((Box((z --> ⊥)) --> ⊥) --> x),8
4,(Diamond(⊥) || y),(((Box((⊥ --> ⊥)) --> ⊥) --> ⊥) --> y),10
4,Box((z && v)),Box(((z --> (v --> ⊥)) --> ⊥)),8
4,(⊥ && Box(x)),((⊥ --> (Box(x) --> ⊥)) --> ⊥),8
4,Box((z && q)),Box(((z --> (q --> ⊥)) --> ⊥)),8
4,(⊥ && Box(t)),((⊥ --> (Box(t) --> ⊥)) --> ⊥),8
4,Box(Box(Diamond(t))),Box(Box((Box((t --> ⊥)) --> ⊥))),8
4,(x && !(⊥)),((x --> ((⊥ --> ⊥) --> ⊥)) --> ⊥),9
4,(Diamond(r) && x),(((Box((r --> ⊥)) --> ⊥) --> (x --> ⊥)) --> ⊥),12
4,(⊥ && !(u)),((⊥ --> ((u --> ⊥) --> ⊥)) --> ⊥),9
4,(Diamond(p) && t),(((Box((p --> ⊥)) --> ⊥) --> (t --> ⊥)) --> ⊥),12
4,(Diamond(u) --> ⊥),((Box((u --> ⊥)) --> ⊥) --> ⊥),8
4,(Diamond(s) && ⊥),(((Box((s --> ⊥)) --> ⊥) --> (⊥ --> ⊥)) --> ⊥),12
4,(⊥ || !(q)),((⊥ --> ⊥) --> (q --> ⊥)),7
4,(Box(x) && v),((Box(x) --> (v --> ⊥)) --> ⊥),8
4,(Box(⊥) && ⊥),((Box(⊥) --> (⊥ --> ⊥)) --> ⊥),8
4,(Box(y) && w),((Box(y) --> (w --> ⊥)) --> ⊥),8
4,!((u && z)),(((u --> (z --> ⊥)) --> ⊥) --> ⊥),9
4,Box(Box(Diamond(⊥))),Box(Box((Box((⊥ --> ⊥)) --> ⊥))),8
4,(Diamond(x) --> q),((Box((x --> ⊥)) --> ⊥) --> q),8
4,(Box(⊥) && t),((Box(⊥) --> (t --> ⊥)) --> ⊥),8
4,(y || Diamond(z)),((y --> ⊥) --> (Box((z --> ⊥)) --> ⊥)),10
4,(!(w) && ⊥),(((w --> ⊥) --> (⊥ --> ⊥)) --> ⊥),9
4,!((z --> u)),((z --> u) --> ⊥),5
4,(Diamond(r) || z),(((Box((r --> ⊥)) --> ⊥) --> ⊥) --> z),10
4,(x || Diamond(⊥)),((x --> ⊥) --> (Box((⊥ --> ⊥)) --> ⊥)),10
4,(z || Box(⊥)),((z --> ⊥) --> Box(⊥)),6
4,!(!(Diamond(x))),(((Box((x --> ⊥)) --> ⊥) --> ⊥) --> ⊥),10
4,!(!(Box(r))),((Box(r) --> ⊥) --> ⊥),6
4,!(!(Box(u))),((Box(u) --> ⊥) --> ⊥),6
4,Box((⊥ || ⊥)),Box(((⊥ --> ⊥) --> ⊥)),6
4,(!(w) || u),(((w --> ⊥) --> ⊥) --> u),7
4,(q || Diamond(⊥)),((q --> ⊥) --> (Box((⊥ --> ⊥)) --> ⊥)),10
4,Box((q || x)),Box(((q --> ⊥) --> x)),6
4,(Box(z) || t),((Box(z) --> ⊥) --> t),6
4,(w || !(t)),((w --> ⊥) --> (t --> ⊥)),7
4,(⊥ || Diamond(⊥)),((⊥ --> ⊥) --> (Box((⊥ --> ⊥)) --> ⊥)),10
4,(Box(⊥) || r),((Box(⊥) --> ⊥) --> r),6
4,!((w || r)),(((w --> ⊥) --> r) --> ⊥),7
4,(⊥ || Box(t)),((⊥ --> ⊥) --> Box(t)),6
4,Box((v --> s)),Box((v --> s)),4
4,(!(y) || ⊥),(((y --> ⊥) --> ⊥) --> ⊥),7
4,(!(p) --> p),((p --> ⊥) --> p),5
4,!((w --> w)),((w --> w) --> ⊥),5
4,Box(Diamond(Diamond(u))),Box((Box(((Box((u --> ⊥)) --> ⊥) --> ⊥)) --> ⊥)),12
4,Diamond((u <-> z)),(Box(((((u --> z) --> ((z --> u) --> ⊥)) --> ⊥) --> ⊥)) --> ⊥),16
4,(s --> Diamond(u)),(s --> (Box((u --> ⊥)) --> ⊥)),8
4,Box(!(Box(r))),Box((Box(r) --> ⊥)),5
4,Diamond(Box(Box(x))),(Box((Box(Box(x)) --> ⊥)) --> ⊥),8
4,Diamond((w --> p)),(Box(((w --> p) --> ⊥)) --> ⊥),8
4,Diamond((p --> s)),(Box(((p --> s) --> ⊥)) --> ⊥),8
4,Diamond(Diamond(!(q))),(Box(((Box(((q --> ⊥) --> ⊥)) --> ⊥) --> ⊥)) --> ⊥),13
4,!((⊥ --> ⊥)),((⊥ --> ⊥) --> ⊥),5
4,Diamond((v || r)),(Box((((v --> ⊥) --> r) --> ⊥)) --> ⊥),10
4,(Box(⊥) --> s),(Box(⊥) --> s),4
4,Diamond((⊥ && z)),(Box((((⊥ --> (z --> ⊥)) --> ⊥) --> ⊥)) --> ⊥),12
4,Diamond(Diamond(!(v))),(Box(((Box(((v --> ⊥) --> ⊥)) --> ⊥) --> ⊥)) --> ⊥),13
4,(v --> !(p)),(v --> (p --> ⊥)),5
4,(Box(y) --> r),(Box(y) --> r),4
4,!(Box(!(x))),(Box((x --> ⊥)) --> ⊥),6
5,((q <-> y) <-> z),((((((q --> y) --> ((y --> q) --> ⊥)) --> ⊥) --> z) --> ((z --> (((q --> y) --> ((y --> q) --> ⊥)) --> ⊥)) --> ⊥)) --> ⊥),31
5,((y <-> t) <-> q),((((((y --> t) --> ((t --> y) --> ⊥)) --> ⊥) --> q) --> ((q --> (((y --> t) --> ((t --> y) --> ⊥)) --> ⊥)) --> ⊥)) --> ⊥),31
5,!((Diamond(z) <-> u)),(((((Box((z --> ⊥)) --> ⊥) --> u) --> ((u --> (Box((z --> ⊥)) --> ⊥)) --> ⊥)) --> ⊥) --> ⊥),23
5,((w <-> x) --> u),((((w --> x) --> ((x --> w) --> ⊥)) --> ⊥) --> u),13
5,Box((!(w) && v)),Box((((w --> ⊥) --> (v --> ⊥)) --> ⊥)),10
5,(Box(z) <-> Diamond(p)),(((Box(z) --> (Box((p --> ⊥)) --> ⊥)) --> (((Box((p --> ⊥)) --> ⊥) --> Box(z)) --> ⊥)) --> ⊥),23
5,((z || q) <-> v),(((((z --> ⊥) --> q) --> v) --> ((v --> ((z --> ⊥) --> q)) --> ⊥)) --> ⊥),19
5,(z <-> (⊥ || s)),(((z --> ((⊥ --> ⊥) --> s)) --> ((((⊥ --> ⊥) --> s) --> z) --> ⊥)) --> ⊥),19
5,(y <-> Box(!(q))),(((y --> Box((q --> ⊥))) --> ((Box((q --> ⊥)) --> y) --> ⊥)) --> ⊥),17
5,((u || p) <-> r),(((((u --> ⊥) --> p) --> r) --> ((r --> ((u --> ⊥) --> p)) --> ⊥)) --> ⊥),19
5,(w <-> (z || p)),(((w --> ((z --> ⊥) --> p)) --> ((((z --> ⊥) --> p) --> w) --> ⊥)) --> ⊥),19
5,Box((!(x) <-> w)),Box(((((x --> ⊥) --> w) --> ((w --> (x --> ⊥)) --> ⊥)) --> ⊥)),16
5,(Diamond(Box(r)) <-> ⊥),((((Box((Box(r) --> ⊥)) --> ⊥) --> ⊥) --> ((⊥ --> (Box((Box(r) --> ⊥)) --> ⊥)) --> ⊥)) --> ⊥),23
5,((t && s) <-> ⊥),(((((t --> (s --> ⊥)) --> ⊥) --> ⊥) --> ((⊥ --> ((t --> (s --> ⊥)) --> ⊥)) --> ⊥)) --> ⊥),23
5,(Box(Box(u)) <-> z),(((Box(Box(u)) --> z) --> ((z --> Box(Box(u))) --> ⊥)) --> ⊥),15
5,Box((p && Box(w))),Box(((p --> (Box(w) --> ⊥)) --> ⊥)),9
5,(⊥ && (y <-> x)),((⊥ --> ((((y --> x) --> ((x --> y) --> ⊥)) --> ⊥) --> ⊥)) --> ⊥),17
5,(q && (s <-> p)),((q --> ((((s --> p) --> ((p --> s) --> ⊥)) --> ⊥) --> ⊥)) --> ⊥),17
5,(x || (s <-> y)),((x --> ⊥) --> (((s --> y) --> ((y --> s) --> ⊥)) --> ⊥)),15
5,((⊥ <-> w) --> v),((((⊥ --> w) --> ((w --> ⊥) --> ⊥)) --> ⊥) --> v),13
5,(!(Box(p)) <-> v),((((Box(p) --> ⊥) --> v) --> ((v --> (Box(p) --> ⊥)) --> ⊥)) --> ⊥),17
5,(y && (z <-> z)),((y --> ((((z --> z) --> ((z --> z) --> ⊥)) --> ⊥) --> ⊥)) --> ⊥),17
5,(p <-> Box(!(y))),(((p --> Box((y --> ⊥))) --> ((Box((y --> ⊥)) --> p) --> ⊥)) --> ⊥),17
5,(q || (z <-> s)),((q --> ⊥) --> (((z --> s) --> ((s --> z) --> ⊥)) --> ⊥)),15
5,Box((Box(u) || v)),Box(((Box(u) --> ⊥) --> v)),7
5,!(Diamond((u && u))),((Box((((u --> (u --> ⊥)) --> ⊥) --> ⊥)) --> ⊥) --> ⊥),14
5,((v && r) && ⊥),((((v --> (r --> ⊥)) --> ⊥) --> (⊥ --> ⊥)) --> ⊥),13
5,(Diamond(q) || Box(⊥)),(((Box((q --> ⊥)) --> ⊥) --> ⊥) --> Box(⊥)),11
5,!((Diamond(z) || ⊥)),((((Box((z --> ⊥)) --> ⊥) --> ⊥) --> ⊥) --> ⊥),12
5,(⊥ && !(!(r))),((⊥ --> (((r --> ⊥) --> ⊥) --> ⊥)) --> ⊥),11
5,(⊥ && Diamond(Diamond(⊥))),((⊥ --> ((Box(((Box((⊥ --> ⊥)) --> ⊥) --> ⊥)) --> ⊥) --> ⊥)) --> ⊥),17
5,!((x && !(v))),(((x --> ((v --> ⊥) --> ⊥)) --> ⊥) --> ⊥),11
5,((w --> ⊥) <-> ⊥),((((w --> ⊥) --> ⊥) --> ((⊥ --> (w --> ⊥)) --> ⊥)) --> ⊥),15
5,(r && Diamond(Diamond(v))),((r --> ((Box(((Box((v --> ⊥)) --> ⊥) --> ⊥)) --> ⊥) --> ⊥)) --> ⊥),17
5,(Diamond(w) --> !(z)),((Box((w --> ⊥)) --> ⊥) --> (z --> ⊥)),10
5,(Diamond(u) && Diamond(r)),(((Box((u --> ⊥)) --> ⊥) --> ((Box((r --> ⊥)) --> ⊥) --> ⊥)) --> ⊥),17
5,(w || (u && u)),((w --> ⊥) --> ((u --> (u --> ⊥)) --> ⊥)),11
5,(p || (s && w)),((p --> ⊥) --> ((s --> (w --> ⊥)) --> ⊥)),11
5,(!(v) && Box(w)),(((v --> ⊥) --> (Box(w) --> ⊥)) --> ⊥),10
5,(Box(z) && Diamond(⊥)),((Box(z) --> ((Box((⊥ --> ⊥)) --> ⊥) --> ⊥)) --> ⊥),13
5,(Diamond(r) && Box(⊥)),(((Box((r --> ⊥)) --> ⊥) --> (Box(⊥) --> ⊥)) --> ⊥),13
5,(!(y) || Box(v)),(((y --> ⊥) --> ⊥) --> Box(v)),8
5,((v && r) --> ⊥),(((v --> (r --> ⊥)) --> ⊥) --> ⊥),9
5,Box((z || !(u))),Box(((z --> ⊥) --> (u --> ⊥))),8
5,(Diamond(!(r)) && p),(((Box(((r --> ⊥) --> ⊥)) --> ⊥) --> (p --> ⊥)) --> ⊥),14
5,(!(x) && Box(r)),(((x --> ⊥) --> (Box(r) --> ⊥)) --> ⊥),10
5,(!(y) || Box(v)),(((y --> ⊥) --> ⊥) --> Box(v)),8
5,Box(Box((p || s))),Box(Box(((p --> ⊥) --> s))),7
5,((y --> ⊥) || s),(((y --> ⊥) --> ⊥) --> s),7
5,!((!(q) || t)),((((q --> ⊥) --> ⊥) --> t) --> ⊥),9
5,(!(!(y)) || p),((((y --> ⊥) --> ⊥) --> ⊥) --> p),9
5,((v --> ⊥) && z),(((v --> ⊥) --> (z --> ⊥)) --> ⊥),9
5,(Diamond(t) --> Box(⊥)),((Box((t --> ⊥)) --> ⊥) --> Box(⊥)),9
5,(Diamond(Diamond(z)) || x),(((Box(((Box((z --> ⊥)) --> ⊥) --> ⊥)) --> ⊥) --> ⊥) --> x),15
5,(!(s) || Diamond(s)),(((s --> ⊥) --> ⊥) --> (Box((s --> ⊥)) --> ⊥)),12
5,(Box(⊥) || !(x)),((Box(⊥) --> ⊥) --> (x --> ⊥)),8
5,(!(s) || Box(q)),(((s --> ⊥) --> ⊥) --> Box(q)),8
5,(⊥ || !(!(s))),((⊥ --> ⊥) --> ((s --> ⊥) --> ⊥)),9
5,(r --> !(!(⊥))),(r --> ((⊥ --> ⊥) --> ⊥)),7
5,(!(u) || !(u)),(((u --> ⊥) --> ⊥) --> (u --> ⊥)),9
5,Diamond((Diamond(q) <-> t)),(Box((((((Box((q --> ⊥)) --> ⊥) --> t) --> ((t --> (Box((q --> ⊥)) --> ⊥)) --> ⊥)) --> ⊥) --> ⊥)) --> ⊥),26
5,(w || Diamond(!(⊥))),((w --> ⊥) --> (Box(((⊥ --> ⊥) --> ⊥)) --> ⊥)),12
5,(t || (x --> r)),((t --> ⊥) --> (x --> r)),7
5,(w --> (⊥ || p)),(w --> ((⊥ --> ⊥) --> p)),7
5,Box((u --> !(y))),Box((u --> (y --> ⊥))),6
5,(r --> (s || t)),(r --> ((s --> ⊥) --> t)),7
5,!((Box(q) --> y)),((Box(q) --> y) --> ⊥),6
5,((v || p) --> s),(((v --> ⊥) --> p) --> s),7
5,Box(Diamond((w && s))),Box((Box((((w --> (s --> ⊥)) --> ⊥) --> ⊥)) --> ⊥)),13
5,(z --> Diamond(!(y))),(z --> (Box(((y --> ⊥) --> ⊥)) --> ⊥)),10
5,((x --> s) || v),(((x --> s) --> ⊥) --> v),7
5,(Box(u) --> Diamond(v)),(Box(u) --> (Box((v --> ⊥)) --> ⊥)),9
5,Box(Diamond((v --> v))),Box((Box(((v --> v) --> ⊥)) --> ⊥)),9
5,((y --> ⊥) || ⊥),(((y --> ⊥) --> ⊥) --> ⊥),7
5,Box(Diamond(!(Diamond(w)))),Box((Box((((Box((w --> ⊥)) --> ⊥) --> ⊥) --> ⊥)) --> ⊥)),14
5,(Box(s) --> Diamond(s)),(Box(s) --> (Box((s --> ⊥)) --> ⊥)),9
5,Diamond((Diamond(u) <-> v)),(Box((((((Box((u --> ⊥)) --> ⊥) --> v) --> ((v --> (Box((u --> ⊥)) --> ⊥)) --> ⊥)) --> ⊥) --> ⊥)) --> ⊥),26
5,(z --> !(Box(⊥))),(z --> (Box(⊥) --> ⊥)),6
5,!(Box((u <-> z))),(Box((((u --> z) --> ((z --> u) --> ⊥)) --> ⊥)) --> ⊥),14
5,Box((Box(⊥) --> p)),Box((Box(⊥) --> p)),5
5,Diamond(Diamond((r <-> y))),(Box(((Box(((((r --> y) --> ((y --> r) --> ⊥)) --> ⊥) --> ⊥)) --> ⊥) --> ⊥)) --> ⊥),21
5,Diamond((⊥ && Diamond(v))),(Box((((⊥ --> ((Box((v --> ⊥)) --> ⊥) --> ⊥)) --> ⊥) --> ⊥)) --> ⊥),17
5,Diamond(!(Diamond(Box(⊥)))),(Box((((Box((Box(⊥) --> ⊥)) --> ⊥) --> ⊥) --> ⊥)) --> ⊥),14
5,Diamond((Box(t) --> v)),(Box(((Box(t) --> v) --> ⊥)) --> ⊥),9
5,Diamond((u && Diamond(⊥))),(Box((((u --> ((Box((⊥ --> ⊥)) --> ⊥) --> ⊥)) --> ⊥) --> ⊥)) --> ⊥),17
5,(Box(Diamond(r)) --> s),(Box((Box((r --> ⊥)) --> ⊥)) --> s),9
5,Diamond((Diamond(r) --> x)),(Box((((Box((r --> ⊥)) --> ⊥) --> x) --> ⊥)) --> ⊥),13
5,!(Box((⊥ || z))),(Box(((⊥ --> ⊥) --> z)) --> ⊥),8
5,Diamond(!((z --> p))),(Box((((z --> p) --> ⊥) --> ⊥)) --> ⊥),10
6,((w <-> p) <-> Diamond(s)),((((((w --> p) --> ((p --> w) --> ⊥)) --> ⊥) --> (Box((s --> ⊥)) --> ⊥)) --> (((Box((s --> ⊥)) --> ⊥) --> (((w --> p) --> ((p --> w) --> ⊥)) --> ⊥)) --> ⊥)) --> ⊥),41
6,((s <-> y) <-> Box(z)),((((((s --> y) --> ((y --> s) --> ⊥)) --> ⊥) --> Box(z)) --> ((Box(z) --> (((s --> y) --> ((y --> s) --> ⊥)) --> ⊥)) --> ⊥)) --> ⊥),33
6,Box(!((v <-> Diamond(v)))),Box(((((v --> (Box((v --> ⊥)) --> ⊥)) --> (((Box((v --> ⊥)) --> ⊥) --> v) --> ⊥)) --> ⊥) --> ⊥)),24
6,(Diamond(s) <-> Diamond(!(t))),((((Box((s --> ⊥)) --> ⊥) --> (Box(((t --> ⊥) --> ⊥)) --> ⊥)) --> (((Box(((t --> ⊥) --> ⊥)) --> ⊥) --> (Box((s --> ⊥)) --> ⊥)) --> ⊥)) --> ⊥),35
6,(!(Diamond(p)) <-> Box(v)),(((((Box((p --> ⊥)) --> ⊥) --> ⊥) --> Box(v)) --> ((Box(v) --> ((Box((p --> ⊥)) --> ⊥) --> ⊥)) --> ⊥)) --> ⊥),27
6,(!(!(t)) <-> Diamond(s)),(((((t --> ⊥) --> ⊥) --> (Box((s --> ⊥)) --> ⊥)) --> (((Box((s --> ⊥)) --> ⊥) --> ((t --> ⊥) --> ⊥)) --> ⊥)) --> ⊥),29
6,(v <-> Diamond((z && ⊥))),(((v --> (Box((((z --> (⊥ --> ⊥)) --> ⊥) --> ⊥)) --> ⊥)) --> (((Box((((z --> (⊥ --> ⊥)) --> ⊥) --> ⊥)) --> ⊥) --> v) --> ⊥)) --> ⊥),33
6,((Diamond(v) || ⊥) <-> w),((((((Box((v --> ⊥)) --> ⊥) --> ⊥) --> ⊥) --> w) --> ((w --> (((Box((v --> ⊥)) --> ⊥) --> ⊥) --> ⊥)) --> ⊥)) --> ⊥),29
6,(y --> (u <-> Diamond(w))),(y --> (((u --> (Box((w --> ⊥)) --> ⊥)) --> (((Box((w --> ⊥)) --> ⊥) --> u) --> ⊥)) --> ⊥)),23
6,(!(w) <-> Diamond(!(x))),((((w --> ⊥) --> (Box(((x --> ⊥) --> ⊥)) --> ⊥)) --> (((Box(((x --> ⊥) --> ⊥)) --> ⊥) --> (w --> ⊥)) --> ⊥)) --> ⊥),29
6,(t <-> !((r || r))),(((t --> (((r --> ⊥) --> r) --> ⊥)) --> (((((r --> ⊥) --> r) --> ⊥) --> t) --> ⊥)) --> ⊥),23
6,((Box(p) <-> v) || p),(((((Box(p) --> v) --> ((v --> Box(p)) --> ⊥)) --> ⊥) --> ⊥) --> p),17
6,(v && !((x <-> s))),((v --> (((((x --> s) --> ((s --> x) --> ⊥)) --> ⊥) --> ⊥) --> ⊥)) --> ⊥),19
6,((r || q) <-> !(p)),(((((r --> ⊥) --> q) --> (p --> ⊥)) --> (((p --> ⊥) --> ((r --> ⊥) --> q)) --> ⊥)) --> ⊥),23
6,((!(p) <-> v) && w),((((((p --> ⊥) --> v) --> ((v --> (p --> ⊥)) --> ⊥)) --> ⊥) --> (w --> ⊥)) --> ⊥),21
6,(Diamond(v) --> (u <-> s)),((Box((v --> ⊥)) --> ⊥) --> (((u --> s) --> ((s --> u) --> ⊥)) --> ⊥)),18
6,((Box(t) || s) <-> p),(((((Box(t) --> ⊥) --> s) --> p) --> ((p --> ((Box(t) --> ⊥) --> s)) --> ⊥)) --> ⊥),21
6,!(((s --> ⊥) <-> ⊥)),(((((s --> ⊥) --> ⊥) --> ((⊥ --> (s --> ⊥)) --> ⊥)) --> ⊥) --> ⊥),17
6,Box((Diamond(u) --> Box(v))),Box(((Box((u --> ⊥)) --> ⊥) --> Box(v))),10
6,((⊥ <-> Box(q)) --> w),((((⊥ --> Box(q)) --> ((Box(q) --> ⊥) --> ⊥)) --> ⊥) --> w),15
6,(x <-> !((x --> z))),(((x --> ((x --> z) --> ⊥)) --> ((((x --> z) --> ⊥) --> x) --> ⊥)) --> ⊥),19
6,(v && (p && Box(⊥))),((v --> (((p --> (Box(⊥) --> ⊥)) --> ⊥) --> ⊥)) --> ⊥),14
6,(Box(t) && (⊥ <-> q)),((Box(t) --> ((((⊥ --> q) --> ((q --> ⊥) --> ⊥)) --> ⊥) --> ⊥)) --> ⊥),18
6,(x && (Diamond(s) && r)),((x --> ((((Box((s --> ⊥)) --> ⊥) --> (r --> ⊥)) --> ⊥) --> ⊥)) --> ⊥),18
6,(v && Diamond(Diamond(Diamond(r)))),((v --> ((Box(((Box(((Box((r --> ⊥)) --> ⊥) --> ⊥)) --> ⊥) --> ⊥)) --> ⊥) --> ⊥)) --> ⊥),22
6,(Diamond(u) --> (t && s)),((Box((u --> ⊥)) --> ⊥) --> ((t --> (s --> ⊥)) --> ⊥)),14
6,(z || Box((s <-> x))),((z --> ⊥) --> Box((((s --> x) --> ((x --> s) --> ⊥)) --> ⊥))),16
6,(⊥ && (v || Box(⊥))),((⊥ --> (((v --> ⊥) --> Box(⊥)) --> ⊥)) --> ⊥),12
6,(s && (Diamond(⊥) --> r)),((s --> (((Box((⊥ --> ⊥)) --> ⊥) --> r) --> ⊥)) --> ⊥),14
6,Box(((u && q) || v)),Box(((((u --> (q --> ⊥)) --> ⊥) --> ⊥) --> v)),12
6,(Box(s) && Box(Diamond(w))),((Box(s) --> (Box((Box((w --> ⊥)) --> ⊥)) --> ⊥)) --> ⊥),14
6,(Box(v) || (p && q)),((Box(v) --> ⊥) --> ((p --> (q --> ⊥)) --> ⊥)),12
6,(Diamond(!(w)) --> Diamond(w)),((Box(((w --> ⊥) --> ⊥)) --> ⊥) --> (Box((w --> ⊥)) --> ⊥)),15
6,(Box(z) || (w && y)),((Box(z) --> ⊥) --> ((w --> (y --> ⊥)) --> ⊥)),12
6,((⊥ && v) || Diamond(p)),((((⊥ --> (v --> ⊥)) --> ⊥) --> ⊥) --> (Box((p --> ⊥)) --> ⊥)),16
6,(Box(w) && (q || t)),((Box(w) --> (((q --> ⊥) --> t) --> ⊥)) --> ⊥),12
6,Box((s && !(!(q)))),Box(((s --> (((q --> ⊥) --> ⊥) --> ⊥)) --> ⊥)),12
6,Box((Diamond(r) && Diamond(r))),Box((((Box((r --> ⊥)) --> ⊥) --> ((Box((r --> ⊥)) --> ⊥) --> ⊥)) --> ⊥)),18
6,((⊥ && ⊥) && !(⊥)),((((⊥ --> (⊥ --> ⊥)) --> ⊥) --> ((⊥ --> ⊥) --> ⊥)) --> ⊥),15
6,Box((Box(t) || Box(t))),Box(((Box(t) --> ⊥) --> Box(t))),8
6,(u --> (w && !(p))),(u --> ((w --> ((p --> ⊥) --> ⊥)) --> ⊥)),11
6,(Box((q && ⊥)) && ⊥),((Box(((q --> (⊥ --> ⊥)) --> ⊥)) --> (⊥ --> ⊥)) --> ⊥),14
6,((Diamond(w) || u) || x),(((((Box((w --> ⊥)) --> ⊥) --> ⊥) --> u) --> ⊥) --> x),14
6,(!((s || z)) || x),(((((s --> ⊥) --> z) --> ⊥) --> ⊥) --> x),11
6,!((!(v) && Box(p))),((((v --> ⊥) --> (Box(p) --> ⊥)) --> ⊥) --> ⊥),12
6,(r && (y --> !(z))),((r --> ((y --> (z --> ⊥)) --> ⊥)) --> ⊥),11
6,((u --> z) && Diamond(x)),(((u --> z) --> ((Box((x --> ⊥)) --> ⊥) --> ⊥)) --> ⊥),14
6,(Diamond(Box(!(w))) && ⊥),(((Box((Box((w --> ⊥)) --> ⊥)) --> ⊥) --> (⊥ --> ⊥)) --> ⊥),15
6,(Diamond(!(⊥)) || !(u)),(((Box(((⊥ --> ⊥) --> ⊥)) --> ⊥) --> ⊥) --> (u --> ⊥)),14
6,((p --> u) || Diamond(⊥)),(((p --> u) --> ⊥) --> (Box((⊥ --> ⊥)) --> ⊥)),12
6,((v --> x) && !(⊥)),(((v --> x) --> ((⊥ --> ⊥) --> ⊥)) --> ⊥),11
6,Box(((u --> ⊥) || t)),Box((((u --> ⊥) --> ⊥) --> t)),8
6,((t && Box(⊥)) --> ⊥),(((t --> (Box(⊥) --> ⊥)) --> ⊥) --> ⊥),10
6,(Diamond((⊥ --> z)) || v),(((Box(((⊥ --> z) --> ⊥)) --> ⊥) --> ⊥) --> v),12
6,!((Box(⊥) --> !(⊥))),((Box(⊥) --> (⊥ --> ⊥)) --> ⊥),8
6,(u && (⊥ --> Box(v))),((u --> ((⊥ --> Box(v)) --> ⊥)) --> ⊥),10
6,(Box(!(x)) || Box(⊥)),((Box((x --> ⊥)) --> ⊥) --> Box(⊥)),9
6,(!(Box(s)) --> !(x)),((Box(s) --> ⊥) --> (x --> ⊥)),8
6,Box((⊥ || (u --> t))),Box(((⊥ --> ⊥) --> (u --> t))),8
6,(u --> Diamond((s <-> r))),(u --> (Box(((((s --> r) --> ((r --> s) --> ⊥)) --> ⊥) --> ⊥)) --> ⊥)),18
6,(v --> (!(t) --> r)),(v --> ((t --> ⊥) --> r)),7
6,((q --> r) --> Box(q)),((q --> r) --> Box(q)),6
6,Box((v --> (x --> q))),Box((v --> (x --> q))),6
6,Diamond((Diamond(r) <-> Box(v))),(Box((((((Box((r --> ⊥)) --> ⊥) --> Box(v)) --> ((Box(v) --> (Box((r --> ⊥)) --> ⊥)) --> ⊥)) --> ⊥) --> ⊥)) --> ⊥),28
6,(Box(⊥) --> (⊥ || ⊥)),(Box(⊥) --> ((⊥ --> ⊥) --> ⊥)),8
6,Box(Diamond((z || Box(v)))),Box((Box((((z --> ⊥) --> Box(v)) --> ⊥)) --> ⊥)),12
6,Diamond((Box(Diamond(v)) && s)),(Box((((Box((Box((v --> ⊥)) --> ⊥)) --> (s --> ⊥)) --> ⊥) --> ⊥)) --> ⊥),18
6,Box(Diamond((!(t) && ⊥))),Box((Box(((((t --> ⊥) --> (⊥ --> ⊥)) --> ⊥) --> ⊥)) --> ⊥)),15
6,Diamond((w && (⊥ <-> s))),(Box((((w --> ((((⊥ --> s) --> ((s --> ⊥) --> ⊥)) --> ⊥) --> ⊥)) --> ⊥) --> ⊥)) --> ⊥),22
6,Diamond(Box(Diamond(Diamond(!(⊥))))),(Box((Box((Box(((Box(((⊥ --> ⊥) --> ⊥)) --> ⊥) --> ⊥)) --> ⊥)) --> ⊥)) --> ⊥),19
6,Diamond((!(Box(y)) <-> w)),(Box((((((Box(y) --> ⊥) --> w) --> ((w --> (Box(y) --> ⊥)) --> ⊥)) --> ⊥) --> ⊥)) --> ⊥),22
6,Diamond((!(z) || !(q))),(Box(((((z --> ⊥) --> ⊥) --> (q --> ⊥)) --> ⊥)) --> ⊥),14
6,Diamond((Diamond(⊥) --> Diamond(q))),(Box((((Box((⊥ --> ⊥)) --> ⊥) --> (Box((q --> ⊥)) --> ⊥)) --> ⊥)) --> ⊥),18
6,Diamond((s && (w && s))),(Box((((s --> (((w --> (s --> ⊥)) --> ⊥) --> ⊥)) --> ⊥) --> ⊥)) --> ⊥),18
6,!(Box(Diamond(!(Diamond(s))))),(Box((Box((((Box((s --> ⊥)) --> ⊥) --> ⊥) --> ⊥)) --> ⊥)) --> ⊥),16
6,Diamond((!(v) && !(⊥))),(Box(((((v --> ⊥) --> ((⊥ --> ⊥) --> ⊥)) --> ⊥) --> ⊥)) --> ⊥),16
6,Diamond((y || !(Box(p)))),(Box((((y --> ⊥) --> (Box(p) --> ⊥)) --> ⊥)) --> ⊥),13
6,Diamond(((w --> x) <-> u)),(Box((((((w --> x) --> u) --> ((u --> (w --> x)) --> ⊥)) --> ⊥) --> ⊥)) --> ⊥),20
6,Diamond((Box(t) --> Box(q))),(Box(((Box(t) --> Box(q)) --> ⊥)) --> ⊥),10
6,!(Box(Diamond(Diamond(Box(t))))),(Box((Box(((Box((Box(t) --> ⊥)) --> ⊥) --> ⊥)) --> ⊥)) --> ⊥),15
6,Diamond(Box((t && !(q)))),(Box((Box(((t --> ((q --> ⊥) --> ⊥)) --> ⊥)) --> ⊥)) --> ⊥),15
7,(z <-> ((q && p) <-> ⊥)),(((z --> (((((q --> (p --> ⊥)) --> ⊥) --> ⊥) --> ((⊥ --> ((q --> (p --> ⊥)) --> ⊥)) --> ⊥)) --> ⊥)) --> (((((((q --> (p --> ⊥)) --> ⊥) --> ⊥) --> ((⊥ --> ((q --> (p --> ⊥)) --> ⊥)) --> ⊥)) --> ⊥) --> z) --> ⊥)) --> ⊥),55
7,(((p <-> u) && r) <-> p),((((((((p --> u) --> ((u --> p) --> ⊥)) --> ⊥) --> (r --> ⊥)) --> ⊥) --> p) --> ((p --> (((((p --> u) --> ((u --> p) --> ⊥)) --> ⊥) --> (r --> ⊥)) --> ⊥)) --> ⊥)) --> ⊥),43
7,((v && (s <-> ⊥)) <-> z),(((((v --> ((((s --> ⊥) --> ((⊥ --> s) --> ⊥)) --> ⊥) --> ⊥)) --> ⊥) --> z) --> ((z --> ((v --> ((((s --> ⊥) --> ((⊥ --> s) --> ⊥)) --> ⊥) --> ⊥)) --> ⊥)) --> ⊥)) --> ⊥),43
7,!((Box(y) <-> Diamond(!(r)))),((((Box(y) --> (Box(((r --> ⊥) --> ⊥)) --> ⊥)) --> (((Box(((r --> ⊥) --> ⊥)) --> ⊥) --> Box(y)) --> ⊥)) --> ⊥) --> ⊥),29
7,((Diamond(!(⊥)) && p) <-> y),((((((Box(((⊥ --> ⊥) --> ⊥)) --> ⊥) --> (p --> ⊥)) --> ⊥) --> y) --> ((y --> (((Box(((⊥ --> ⊥) --> ⊥)) --> ⊥) --> (p --> ⊥)) --> ⊥)) --> ⊥)) --> ⊥),37
7,(Diamond(x) <-> (p && Box(s))),((((Box((x --> ⊥)) --> ⊥) --> ((p --> (Box(s) --> ⊥)) --> ⊥)) --> ((((p --> (Box(s) --> ⊥)) --> ⊥) --> (Box((x --> ⊥)) --> ⊥)) --> ⊥)) --> ⊥),35
7,((!(Diamond(v)) || v) <-> p),(((((((Box((v --> ⊥)) --> ⊥) --> ⊥) --> ⊥) --> v) --> p) --> ((p --> ((((Box((v --> ⊥)) --> ⊥) --> ⊥) --> ⊥) --> v)) --> ⊥)) --> ⊥),33
7,(Diamond(Diamond(q)) --> (y <-> z)),((Box(((Box((q --> ⊥)) --> ⊥) --> ⊥)) --> ⊥) --> (((y --> z) --> ((z --> y) --> ⊥)) --> ⊥)),23
7,((w && s) <-> (t && r)),(((((w --> (s --> ⊥)) --> ⊥) --> ((t --> (r --> ⊥)) --> ⊥)) --> ((((t --> (r --> ⊥)) --> ⊥) --> ((w --> (s --> ⊥)) --> ⊥)) --> ⊥)) --> ⊥),35
7,((Diamond(⊥) <-> !(s)) --> q),(((((Box((⊥ --> ⊥)) --> ⊥) --> (s --> ⊥)) --> (((s --> ⊥) --> (Box((⊥ --> ⊥)) --> ⊥)) --> ⊥)) --> ⊥) --> q),27
7,(!(Diamond(q)) <-> (⊥ && s)),(((((Box((q --> ⊥)) --> ⊥) --> ⊥) --> ((⊥ --> (s --> ⊥)) --> ⊥)) --> ((((⊥ --> (s --> ⊥)) --> ⊥) --> ((Box((q --> ⊥)) --> ⊥) --> ⊥)) --> ⊥)) --> ⊥),37
7,(v --> !((s <-> Diamond(q)))),(v --> ((((s --> (Box((q --> ⊥)) --> ⊥)) --> (((Box((q --> ⊥)) --> ⊥) --> s) --> ⊥)) --> ⊥) --> ⊥)),25
7,(!((q <-> Box(w))) || s),((((((q --> Box(w)) --> ((Box(w) --> q) --> ⊥)) --> ⊥) --> ⊥) --> ⊥) --> s),19
7,!(((u <-> ⊥) && Diamond(p))),((((((u --> ⊥) --> ((⊥ --> u) --> ⊥)) --> ⊥) --> ((Box((p --> ⊥)) --> ⊥) --> ⊥)) --> ⊥) --> ⊥),24
7,(Box(u) <-> (Diamond(r) || ⊥)),(((Box(u) --> (((Box((r --> ⊥)) --> ⊥) --> ⊥) --> ⊥)) --> (((((Box((r --> ⊥)) --> ⊥) --> ⊥) --> ⊥) --> Box(u)) --> ⊥)) --> ⊥),31
7,!(Diamond(Diamond((s --> !(z))))),((Box(((Box(((s --> (z --> ⊥)) --> ⊥)) --> ⊥) --> ⊥)) --> ⊥) --> ⊥),17
7,Box(((Box(t) && y) || u)),Box(((((Box(t) --> (y --> ⊥)) --> ⊥) --> ⊥) --> u)),13
7,(Box(v) && Box(Box(Box(v)))),((Box(v) --> (Box(Box(Box(v))) --> ⊥)) --> ⊥),11
7,((Box(t) <-> ⊥) --> Diamond(s)),((((Box(t) --> ⊥) --> ((⊥ --> Box(t)) --> ⊥)) --> ⊥) --> (Box((s --> ⊥)) --> ⊥)),20
7,Box(Box(Box((Diamond(s) --> ⊥)))),Box(Box(Box(((Box((s --> ⊥)) --> ⊥) --> ⊥)))),11
7,(Diamond(Diamond((⊥ --> p))) --> s),((Box(((Box(((⊥ --> p) --> ⊥)) --> ⊥) --> ⊥)) --> ⊥) --> s),15
7,((q <-> (⊥ || x)) && q),(((((q --> ((⊥ --> ⊥) --> x)) --> ((((⊥ --> ⊥) --> x) --> q) --> ⊥)) --> ⊥) --> (q --> ⊥)) --> ⊥),25
7,(u <-> (y || (y || ⊥))),(((u --> ((y --> ⊥) --> ((y --> ⊥) --> ⊥))) --> ((((y --> ⊥) --> ((y --> ⊥) --> ⊥)) --> u) --> ⊥)) --> ⊥),27
7,(w <-> (!(!(⊥)) || ⊥)),(((w --> ((((⊥ --> ⊥) --> ⊥) --> ⊥) --> ⊥)) --> ((((((⊥ --> ⊥) --> ⊥) --> ⊥) --> ⊥) --> w) --> ⊥)) --> ⊥),27
7,(Diamond(p) --> (t || Diamond(v))),((Box((p --> ⊥)) --> ⊥) --> ((t --> ⊥) --> (Box((v --> ⊥)) --> ⊥))),17
7,((v || !(y)) <-> Box(p)),(((((v --> ⊥) --> (y --> ⊥)) --> Box(p)) --> ((Box(p) --> ((v --> ⊥) --> (y --> ⊥))) --> ⊥)) --> ⊥),25
7,(!(Box(Box(Diamond(⊥)))) <-> p),((((Box(Box((Box((⊥ --> ⊥)) --> ⊥))) --> ⊥) --> p) --> ((p --> (Box(Box((Box((⊥ --> ⊥)) --> ⊥))) --> ⊥)) --> ⊥)) --> ⊥),29
7,(((x <-> v) || w) --> ⊥),((((((x --> v) --> ((v --> x) --> ⊥)) --> ⊥) --> ⊥) --> w) --> ⊥),17
7,(p || ((s || w) <-> t)),((p --> ⊥) --> (((((s --> ⊥) --> w) --> t) --> ((t --> ((s --> ⊥) --> w)) --> ⊥)) --> ⊥)),23
7,((z || (x <-> v)) || y),((((z --> ⊥) --> (((x --> v) --> ((v --> x) --> ⊥)) --> ⊥)) --> ⊥) --> y),19
7,(u <-> (t --> (⊥ || ⊥))),(((u --> (t --> ((⊥ --> ⊥) --> ⊥))) --> (((t --> ((⊥ --> ⊥) --> ⊥)) --> u) --> ⊥)) --> ⊥),23
7,!((Box((p || z)) <-> ⊥)),((((Box(((p --> ⊥) --> z)) --> ⊥) --> ((⊥ --> Box(((p --> ⊥) --> z))) --> ⊥)) --> ⊥) --> ⊥),23
7,(v <-> !((⊥ --> !(s)))),(((v --> ((⊥ --> (s --> ⊥)) --> ⊥)) --> ((((⊥ --> (s --> ⊥)) --> ⊥) --> v) --> ⊥)) --> ⊥),23
7,((Diamond(p) || u) --> Diamond(u)),((((Box((p --> ⊥)) --> ⊥) --> ⊥) --> u) --> (Box((u --> ⊥)) --> ⊥)),17
7,((z <-> u) --> !(Box(p))),((((z --> u) --> ((u --> z) --> ⊥)) --> ⊥) --> (Box(p) --> ⊥)),16
7,((s <-> t) && (z || t)),(((((s --> t) --> ((t --> s) --> ⊥)) --> ⊥) --> (((z --> ⊥) --> t) --> ⊥)) --> ⊥),21
7,((u <-> ⊥) && (y && s)),(((((u --> ⊥) --> ((⊥ --> u) --> ⊥)) --> ⊥) --> (((y --> (s --> ⊥)) --> ⊥) --> ⊥)) --> ⊥),23
7,(⊥ && ((⊥ && q) --> w)),((⊥ --> ((((⊥ --> (q --> ⊥)) --> ⊥) --> w) --> ⊥)) --> ⊥),15
7,Box((Box((w || ⊥)) || ⊥)),Box(((Box(((w --> ⊥) --> ⊥)) --> ⊥) --> ⊥)),11
7,!((!((x <-> ⊥)) --> q)),((((((x --> ⊥) --> ((⊥ --> x) --> ⊥)) --> ⊥) --> ⊥) --> q) --> ⊥),17
7,(((q && u) && ⊥) || q),((((((q --> (u --> ⊥)) --> ⊥) --> (⊥ --> ⊥)) --> ⊥) --> ⊥) --> q),17
7,!(((w || !(w)) && z)),(((((w --> ⊥) --> (w --> ⊥)) --> (z --> ⊥)) --> ⊥) --> ⊥),15
7,(r && (r && (p && u))),((r --> (((r --> (((p --> (u --> ⊥)) --> ⊥) --> ⊥)) --> ⊥) --> ⊥)) --> ⊥),19
7,((t && Diamond(p)) || Diamond(⊥)),((((t --> ((Box((p --> ⊥)) --> ⊥) --> ⊥)) --> ⊥) --> ⊥) --> (Box((⊥ --> ⊥)) --> ⊥)),21
7,(!(r) || Box((v <-> w))),(((r --> ⊥) --> ⊥) --> Box((((v --> w) --> ((w --> v) --> ⊥)) --> ⊥))),18
7,Box(Box(((⊥ || u) && z))),Box(Box(((((⊥ --> ⊥) --> u) --> (z --> ⊥)) --> ⊥))),13
7,Box(((p --> s) || Box(⊥))),Box((((p --> s) --> ⊥) --> Box(⊥))),9
7,((!(v) || Diamond(v)) && q),(((((v --> ⊥) --> ⊥) --> (Box((v --> ⊥)) --> ⊥)) --> (q --> ⊥)) --> ⊥),18
7,((r && t) || (s || y)),((((r --> (t --> ⊥)) --> ⊥) --> ⊥) --> ((s --> ⊥) --> y)),15
7,((y || (t || u)) || x),((((y --> ⊥) --> ((t --> ⊥) --> u)) --> ⊥) --> x),13
7,Box((v --> Box((t || q)))),Box((v --> Box(((t --> ⊥) --> q)))),9
7,Box((Diamond(⊥) && (t || y))),Box((((Box((⊥ --> ⊥)) --> ⊥) --> (((t --> ⊥) --> y) --> ⊥)) --> ⊥)),17
7,(q && !((Diamond(y) --> q))),((q --> ((((Box((y --> ⊥)) --> ⊥) --> q) --> ⊥) --> ⊥)) --> ⊥),16
7,(⊥ && !((q --> !(x)))),((⊥ --> (((q --> (x --> ⊥)) --> ⊥) --> ⊥)) --> ⊥),13
7,(y || (Diamond(⊥) && !(⊥))),((y --> ⊥) --> (((Box((⊥ --> ⊥)) --> ⊥) --> ((⊥ --> ⊥) --> ⊥)) --> ⊥)),18
7,((Diamond(!(s)) && v) && z),(((((Box(((s --> ⊥) --> ⊥)) --> ⊥) --> (v --> ⊥)) --> ⊥) --> (z --> ⊥)) --> ⊥),20
7,((Box(⊥) || Box(s)) && r),((((Box(⊥) --> ⊥) --> Box(s)) --> (r --> ⊥)) --> ⊥),13
7,((y && Box(t)) --> Box(⊥)),(((y --> (Box(t) --> ⊥)) --> ⊥) --> Box(⊥)),11
7,!((Box(Box(s)) --> Diamond(w))),((Box(Box(s)) --> (Box((w --> ⊥)) --> ⊥)) --> ⊥),12
7,((r || ⊥) || !(!(w))),((((r --> ⊥) --> ⊥) --> ⊥) --> ((w --> ⊥) --> ⊥)),13
7,(!((u || Diamond(w))) --> w),((((u --> ⊥) --> (Box((w --> ⊥)) --> ⊥)) --> ⊥) --> w),14
7,(Diamond((x --> p)) --> Box(s)),((Box(((x --> p) --> ⊥)) --> ⊥) --> Box(s)),11
7,((w --> !(z)) && Box(z)),(((w --> (z --> ⊥)) --> (Box(z) --> ⊥)) --> ⊥),12
7,((v && w) --> Diamond(Box(y))),(((v --> (w --> ⊥)) --> ⊥) --> (Box((Box(y) --> ⊥)) --> ⊥)),15
7,(⊥ && Diamond((z --> Box(s)))),((⊥ --> ((Box(((z --> Box(s)) --> ⊥)) --> ⊥) --> ⊥)) --> ⊥),15
7,(Diamond((t <-> !(⊥))) || z),(((Box(((((t --> (⊥ --> ⊥)) --> (((⊥ --> ⊥) --> t) --> ⊥)) --> ⊥) --> ⊥)) --> ⊥) --> ⊥) --> z),24
7,(!(!((r --> q))) || t),(((((r --> q) --> ⊥) --> ⊥) --> ⊥) --> t),11
7,Box((Diamond((y || r)) || z)),Box((((Box((((y --> ⊥) --> r) --> ⊥)) --> ⊥) --> ⊥) --> z)),15
7,(Diamond(!((⊥ || ⊥))) || y),(((Box(((((⊥ --> ⊥) --> ⊥) --> ⊥) --> ⊥)) --> ⊥) --> ⊥) --> y),16
7,Box(((v --> v) --> !(y))),Box(((v --> v) --> (y --> ⊥))),8
7,((z || p) --> (z --> w)),(((z --> ⊥) --> p) --> (z --> w)),9
7,Diamond(Diamond((⊥ || Diamond(Box(u))))),(Box(((Box((((⊥ --> ⊥) --> (Box((Box(u) --> ⊥)) --> ⊥)) --> ⊥)) --> ⊥) --> ⊥)) --> ⊥),21
7,Box(Diamond(Diamond((w --> !(u))))),Box((Box(((Box(((w --> (u --> ⊥)) --> ⊥)) --> ⊥) --> ⊥)) --> ⊥)),16
7,Box(Diamond(!((q && !(z))))),Box((Box(((((q --> ((z --> ⊥) --> ⊥)) --> ⊥) --> ⊥) --> ⊥)) --> ⊥)),17
7,(u --> Diamond(Diamond((r --> v)))),(u --> (Box(((Box(((r --> v) --> ⊥)) --> ⊥) --> ⊥)) --> ⊥)),15
7,Diamond(((u <-> !(r)) || q)),(Box(((((((u --> (r --> ⊥)) --> (((r --> ⊥) --> u) --> ⊥)) --> ⊥) --> ⊥) --> q) --> ⊥)) --> ⊥),24
7,Diamond(!((!(Diamond(⊥)) && q))),(Box(((((((Box((⊥ --> ⊥)) --> ⊥) --> ⊥) --> (q --> ⊥)) --> ⊥) --> ⊥) --> ⊥)) --> ⊥),21
7,Diamond(((Diamond(p) && ⊥) || r)),(Box(((((((Box((p --> ⊥)) --> ⊥) --> (⊥ --> ⊥)) --> ⊥) --> ⊥) --> r) --> ⊥)) --> ⊥),21
7,Diamond((y --> (Diamond(t) --> q))),(Box(((y --> ((Box((t --> ⊥)) --> ⊥) --> q)) --> ⊥)) --> ⊥),15
7,Diamond((Diamond(q) && (⊥ && ⊥))),(Box(((((Box((q --> ⊥)) --> ⊥) --> (((⊥ --> (⊥ --> ⊥)) --> ⊥) --> ⊥)) --> ⊥) --> ⊥)) --> ⊥),23
7,Diamond(((r <-> t) || Box(z))),(Box(((((((r --> t) --> ((t --> r) --> ⊥)) --> ⊥) --> ⊥) --> Box(z)) --> ⊥)) --> ⊥),21
7,!(Box((Diamond(!(w)) --> ⊥))),(Box(((Box(((w --> ⊥) --> ⊥)) --> ⊥) --> ⊥)) --> ⊥),13
7,(Box(Box(Diamond(!(⊥)))) --> p),(Box(Box((Box(((⊥ --> ⊥) --> ⊥)) --> ⊥))) --> p),12
7,,,-1
7,,,-1
7,,,-1
8,!(Diamond((s <-> (w && Diamond(q))))),((Box(((((s --> ((w --> ((Box((q --> ⊥)) --> ⊥) --> ⊥)) --> ⊥)) --> ((((w --> ((Box((q --> ⊥)) --> ⊥) --> ⊥)) --> ⊥) --> s) --> ⊥)) --> ⊥) --> ⊥)) --> ⊥) --> ⊥),40
8,!((((r <-> v) --> y) <-> p)),((((((((r --> v) --> ((v --> r) --> ⊥)) --> ⊥) --> y) --> p) --> ((p --> ((((r --> v) --> ((v --> r) --> ⊥)) --> ⊥) --> y)) --> ⊥)) --> ⊥) --> ⊥),37
8,((p <-> p) <-> (!(r) <-> s)),((((((p --> p) --> ((p --> p) --> ⊥)) --> ⊥) --> ((((r --> ⊥) --> s) --> ((s --> (r --> ⊥)) --> ⊥)) --> ⊥)) --> ((((((r --> ⊥) --> s) --> ((s --> (r --> ⊥)) --> ⊥)) --> ⊥) --> (((p --> p) --> ((p --> p) --> ⊥)) --> ⊥)) --> ⊥)) --> ⊥),59
8,!((((w && q) && ⊥) <-> w)),((((((((w --> (q --> ⊥)) --> ⊥) --> (⊥ --> ⊥)) --> ⊥) --> w) --> ((w --> ((((w --> (q --> ⊥)) --> ⊥) --> (⊥ --> ⊥)) --> ⊥)) --> ⊥)) --> ⊥) --> ⊥),37
8,((x <-> (⊥ || x)) <-> Diamond(v)),((((((x --> ((⊥ --> ⊥) --> x)) --> ((((⊥ --> ⊥) --> x) --> x) --> ⊥)) --> ⊥) --> (Box((v --> ⊥)) --> ⊥)) --> (((Box((v --> ⊥)) --> ⊥) --> (((x --> ((⊥ --> ⊥) --> x)) --> ((((⊥ --> ⊥) --> x) --> x) --> ⊥)) --> ⊥)) --> ⊥)) --> ⊥),57
8,((Box(z) && Diamond(r)) <-> Diamond(t)),(((((Box(z) --> ((Box((r --> ⊥)) --> ⊥) --> ⊥)) --> ⊥) --> (Box((t --> ⊥)) --> ⊥)) --> (((Box((t --> ⊥)) --> ⊥) --> ((Box(z) --> ((Box((r --> ⊥)) --> ⊥) --> ⊥)) --> ⊥)) --> ⊥)) --> ⊥),45
8,!((Diamond(w) <-> (Box(s) && u))),(((((Box((w --> ⊥)) --> ⊥) --> ((Box(s) --> (u --> ⊥)) --> ⊥)) --> ((((Box(s) --> (u --> ⊥)) --> ⊥) --> (Box((w --> ⊥)) --> ⊥)) --> ⊥)) --> ⊥) --> ⊥),37
8,(((⊥ <-> s) || Box(q)) <-> z),((((((((⊥ --> s) --> ((s --> ⊥) --> ⊥)) --> ⊥) --> ⊥) --> Box(q)) --> z) --> ((z --> (((((⊥ --> s) --> ((s --> ⊥) --> ⊥)) --> ⊥) --> ⊥) --> Box(q))) --> ⊥)) --> ⊥),41
8,(q && !((z <-> (t || p)))),((q --> (((((z --> ((t --> ⊥) --> p)) --> ((((t --> ⊥) --> p) --> z) --> ⊥)) --> ⊥) --> ⊥) --> ⊥)) --> ⊥),27
8,!(((r --> Diamond(s)) <-> Box(⊥))),(((((r --> (Box((s --> ⊥)) --> ⊥)) --> Box(⊥)) --> ((Box(⊥) --> (r --> (Box((s --> ⊥)) --> ⊥))) --> ⊥)) --> ⊥) --> ⊥),29
8,((r <-> ⊥) --> (x <-> Diamond(q))),((((r --> ⊥) --> ((⊥ --> r) --> ⊥)) --> ⊥) --> (((x --> (Box((q --> ⊥)) --> ⊥)) --> (((Box((q --> ⊥)) --> ⊥) --> x) --> ⊥)) --> ⊥)),33
8,((w && z) <-> (⊥ && !(p))),(((((w --> (z --> ⊥)) --> ⊥) --> ((⊥ --> ((p --> ⊥) --> ⊥)) --> ⊥)) --> ((((⊥ --> ((p --> ⊥) --> ⊥)) --> ⊥) --> ((w --> (z --> ⊥)) --> ⊥)) --> ⊥)) --> ⊥),39
8,((Diamond(p) --> t) <-> Diamond(Box(z))),(((((Box((p --> ⊥)) --> ⊥) --> t) --> (Box((Box(z) --> ⊥)) --> ⊥)) --> (((Box((Box(z) --> ⊥)) --> ⊥) --> ((Box((p --> ⊥)) --> ⊥) --> t)) --> ⊥)) --> ⊥),37
8,!((Diamond((!(r) <-> ⊥)) || w)),((((Box((((((r --> ⊥) --> ⊥) --> ((⊥ --> (r --> ⊥)) --> ⊥)) --> ⊥) --> ⊥)) --> ⊥) --> ⊥) --> w) --> ⊥),26
8,(Diamond(r) <-> (Box(Box(⊥)) || t)),((((Box((r --> ⊥)) --> ⊥) --> ((Box(Box(⊥)) --> ⊥) --> t)) --> ((((Box(Box(⊥)) --> ⊥) --> t) --> (Box((r --> ⊥)) --> ⊥)) --> ⊥)) --> ⊥),33
8,Box((Box(q) || !((r || v)))),Box(((Box(q) --> ⊥) --> (((r --> ⊥) --> v) --> ⊥))),13
8,(Box(Box(Box(⊥))) || (p <-> v)),((Box(Box(Box(⊥))) --> ⊥) --> (((p --> v) --> ((v --> p) --> ⊥)) --> ⊥)),18
8,(r --> (w <-> Diamond((q || r)))),(r --> (((w --> (Box((((q --> ⊥) --> r) --> ⊥)) --> ⊥)) --> (((Box((((q --> ⊥) --> r) --> ⊥)) --> ⊥) --> w) --> ⊥)) --> ⊥)),31
8,(u && ((v <-> !(u)) || ⊥)),((u --> ((((((v --> (u --> ⊥)) --> (((u --> ⊥) --> v) --> ⊥)) --> ⊥) --> ⊥) --> ⊥) --> ⊥)) --> ⊥),25
8,(x <-> (z --> (p || Diamond(⊥)))),(((x --> (z --> ((p --> ⊥) --> (Box((⊥ --> ⊥)) --> ⊥)))) --> (((z --> ((p --> ⊥) --> (Box((⊥ --> ⊥)) --> ⊥))) --> x) --> ⊥)) --> ⊥),33
8,(p <-> (Diamond(!(w)) --> !(t))),(((p --> ((Box(((w --> ⊥) --> ⊥)) --> ⊥) --> (t --> ⊥))) --> ((((Box(((w --> ⊥) --> ⊥)) --> ⊥) --> (t --> ⊥)) --> p) --> ⊥)) --> ⊥),33
8,(Box(r) <-> (!(y) --> Box(s))),(((Box(r) --> ((y --> ⊥) --> Box(s))) --> ((((y --> ⊥) --> Box(s)) --> Box(r)) --> ⊥)) --> ⊥),23
8,Box(!(Diamond((Box(s) && !(w))))),Box(((Box((((Box(s) --> ((w --> ⊥) --> ⊥)) --> ⊥) --> ⊥)) --> ⊥) --> ⊥)),18
8,(((r <-> y) --> z) && Box(v)),((((((r --> y) --> ((y --> r) --> ⊥)) --> ⊥) --> z) --> (Box(v) --> ⊥)) --> ⊥),20
8,((u && u) && (!(s) <-> x)),((((u --> (u --> ⊥)) --> ⊥) --> (((((s --> ⊥) --> x) --> ((x --> (s --> ⊥)) --> ⊥)) --> ⊥) --> ⊥)) --> ⊥),27
8,(!(⊥) <-> ((v --> y) && x)),((((⊥ --> ⊥) --> (((v --> y) --> (x --> ⊥)) --> ⊥)) --> (((((v --> y) --> (x --> ⊥)) --> ⊥) --> (⊥ --> ⊥)) --> ⊥)) --> ⊥),31
8,(⊥ && (⊥ <-> Diamond((s --> q)))),((⊥ --> ((((⊥ --> (Box(((s --> q) --> ⊥)) --> ⊥)) --> (((Box(((s --> q) --> ⊥)) --> ⊥) --> ⊥) --> ⊥)) --> ⊥) --> ⊥)) --> ⊥),31
8,(Box((r && v)) <-> !(Box(⊥))),(((Box(((r --> (v --> ⊥)) --> ⊥)) --> (Box(⊥) --> ⊥)) --> (((Box(⊥) --> ⊥) --> Box(((r --> (v --> ⊥)) --> ⊥))) --> ⊥)) --> ⊥),31
8,((p <-> Box(u)) && (x <-> p)),(((((p --> Box(u)) --> ((Box(u) --> p) --> ⊥)) --> ⊥) --> ((((x --> p) --> ((p --> x) --> ⊥)) --> ⊥) --> ⊥)) --> ⊥),29
8,(Box(Box(w)) || Diamond((t || x))),((Box(Box(w)) --> ⊥) --> (Box((((t --> ⊥) --> x) --> ⊥)) --> ⊥)),16
8,Box(((x <-> t) && (s || s))),Box((((((x --> t) --> ((t --> x) --> ⊥)) --> ⊥) --> (((s --> ⊥) --> s) --> ⊥)) --> ⊥)),22
8,((!(y) && w) --> (p <-> y)),((((y --> ⊥) --> (w --> ⊥)) --> ⊥) --> (((p --> y) --> ((y --> p) --> ⊥)) --> ⊥)),21
8,((Box(Diamond(v)) || !(x)) <-> ⊥),(((((Box((Box((v --> ⊥)) --> ⊥)) --> ⊥) --> (x --> ⊥)) --> ⊥) --> ((⊥ --> ((Box((Box((v --> ⊥)) --> ⊥)) --> ⊥) --> (x --> ⊥))) --> ⊥)) --> ⊥),35
8,Box((!(Box(q)) --> (v || ⊥))),Box(((Box(q) --> ⊥) --> ((v --> ⊥) --> ⊥))),11
8,(u || (r --> (!(⊥) <-> v))),((u --> ⊥) --> (r --> ((((⊥ --> ⊥) --> v) --> ((v --> (⊥ --> ⊥)) --> ⊥)) --> ⊥))),21
8,((x || Box(Box(q))) || Diamond(x)),((((x --> ⊥) --> Box(Box(q))) --> ⊥) --> (Box((x --> ⊥)) --> ⊥)),16
8,Box(Box((u --> (p && Diamond(x))))),Box(Box((u --> ((p --> ((Box((x --> ⊥)) --> ⊥) --> ⊥)) --> ⊥)))),16
8,(v || (r || (y && !(s)))),((v --> ⊥) --> ((r --> ⊥) --> ((y --> ((s --> ⊥) --> ⊥)) --> ⊥))),17
8,(Box(⊥) || Diamond((Diamond(r) && q))),((Box(⊥) --> ⊥) --> (Box(((((Box((r --> ⊥)) --> ⊥) --> (q --> ⊥)) --> ⊥) --> ⊥)) --> ⊥)),22
8,((w && Box(!(⊥))) && !(⊥)),((((w --> (Box((⊥ --> ⊥)) --> ⊥)) --> ⊥) --> ((⊥ --> ⊥) --> ⊥)) --> ⊥),18
8,((y --> ⊥) --> (!(⊥) <-> r)),((y --> ⊥) --> ((((⊥ --> ⊥) --> r) --> ((r --> (⊥ --> ⊥)) --> ⊥)) --> ⊥)),19
8,(p || (!(Box(s)) --> Diamond(s))),((p --> ⊥) --> ((Box(s) --> ⊥) --> (Box((s --> ⊥)) --> ⊥))),15
8,(!(y) && Box(Box(Diamond(Box(v))))),(((y --> ⊥) --> (Box(Box((Box((Box(v) --> ⊥)) --> ⊥))) --> ⊥)) --> ⊥),17
8,!((r || ((⊥ || s) && s))),(((r --> ⊥) --> ((((⊥ --> ⊥) --> s) --> (s --> ⊥)) --> ⊥)) --> ⊥),17
8,((!(w) --> Box(Box(u))) <-> ⊥),(((((w --> ⊥) --> Box(Box(u))) --> ⊥) --> ((⊥ --> ((w --> ⊥) --> Box(Box(u)))) --> ⊥)) --> ⊥),23
8,(Diamond((u --> !(!(v)))) --> t),((Box(((u --> ((v --> ⊥) --> ⊥)) --> ⊥)) --> ⊥) --> t),14
8,(Diamond(u) --> Box((!(y) && q))),((Box((u --> ⊥)) --> ⊥) --> Box((((y --> ⊥) --> (q --> ⊥)) --> ⊥))),17
8,((w || x) || Box((y || v))),((((w --> ⊥) --> x) --> ⊥) --> Box(((y --> ⊥) --> v))),14
8,Box(!(!((t --> (x || z))))),Box((((t --> ((x --> ⊥) --> z)) --> ⊥) --> ⊥)),12
8,((!(Diamond(x)) --> ⊥) || !(z)),(((((Box((x --> ⊥)) --> ⊥) --> ⊥) --> ⊥) --> ⊥) --> (z --> ⊥)),16
8,(Box((r && (p --> p))) || x),((Box(((r --> ((p --> p) --> ⊥)) --> ⊥)) --> ⊥) --> x),14
8,((!(q) --> u) || !(!(⊥))),((((q --> ⊥) --> u) --> ⊥) --> ((⊥ --> ⊥) --> ⊥)),13
8,(Diamond(Diamond(v)) || Diamond(Box(Diamond(v)))),(((Box(((Box((v --> ⊥)) --> ⊥) --> ⊥)) --> ⊥) --> ⊥) --> (Box((Box((Box((v --> ⊥)) --> ⊥)) --> ⊥)) --> ⊥)),26
8,(Diamond(Box(Diamond(Box(!(z))))) && ⊥),(((Box((Box((Box((Box((z --> ⊥)) --> ⊥)) --> ⊥)) --> ⊥)) --> ⊥) --> (⊥ --> ⊥)) --> ⊥),21
8,(((Box(u) --> q) && q) || ⊥),(((((Box(u) --> q) --> (q --> ⊥)) --> ⊥) --> ⊥) --> ⊥),14
8,((q || z) || Diamond(Box(Diamond(q)))),((((q --> ⊥) --> z) --> ⊥) --> (Box((Box((Box((q --> ⊥)) --> ⊥)) --> ⊥)) --> ⊥)),20
8,(!(Box(z)) && (r --> Diamond(y))),(((Box(z) --> ⊥) --> ((r --> (Box((y --> ⊥)) --> ⊥)) --> ⊥)) --> ⊥),17
8,(Box(y) || ((u --> u) --> w)),((Box(y) --> ⊥) --> ((u --> u) --> w)),10
8,((Box(⊥) --> u) || (q && t)),(((Box(⊥) --> u) --> ⊥) --> ((q --> (t --> ⊥)) --> ⊥)),14
8,(!(!(p)) --> !(!(Box(r)))),(((p --> ⊥) --> ⊥) --> ((Box(r) --> ⊥) --> ⊥)),12
8,(y || (!(w) || !(!(y)))),((y --> ⊥) --> (((w --> ⊥) --> ⊥) --> ((y --> ⊥) --> ⊥))),15
8,!((Diamond(!(t)) --> !(Box(r)))),(((Box(((t --> ⊥) --> ⊥)) --> ⊥) --> (Box(r) --> ⊥)) --> ⊥),15
8,((Box((u && ⊥)) --> z) --> u),((Box(((u --> (⊥ --> ⊥)) --> ⊥)) --> z) --> u),12
8,!((Box((Diamond(q) --> p)) && q)),(((Box(((Box((q --> ⊥)) --> ⊥) --> p)) --> (q --> ⊥)) --> ⊥) --> ⊥),17
8,!((!(!(s)) --> (q || w))),((((s --> ⊥) --> ⊥) --> ((q --> ⊥) --> w)) --> ⊥),13
8,(!(Diamond(Diamond(r))) --> (u --> ⊥)),(((Box(((Box((r --> ⊥)) --> ⊥) --> ⊥)) --> ⊥) --> ⊥) --> (u --> ⊥)),17
8,Box(Diamond((u --> Diamond(Diamond(Diamond(⊥)))))),Box((Box(((u --> (Box(((Box(((Box((⊥ --> ⊥)) --> ⊥) --> ⊥)) --> ⊥) --> ⊥)) --> ⊥)) --> ⊥)) --> ⊥)),24
8,!(!(Diamond(Box(!((⊥ --> y)))))),(((Box((Box(((⊥ --> y) --> ⊥)) --> ⊥)) --> ⊥) --> ⊥) --> ⊥),15
8,Box(((Box(w) || Box(⊥)) --> r)),Box((((Box(w) --> ⊥) --> Box(⊥)) --> r)),10
8,Diamond((Diamond((⊥ --> t)) <-> Diamond(x))),(Box((((((Box(((⊥ --> t) --> ⊥)) --> ⊥) --> (Box((x --> ⊥)) --> ⊥)) --> (((Box((x --> ⊥)) --> ⊥) --> (Box(((⊥ --> t) --> ⊥)) --> ⊥)) --> ⊥)) --> ⊥) --> ⊥)) --> ⊥),40
8,Box(Diamond(Diamond(Diamond(Box((y <-> z)))))),Box((Box(((Box(((Box((Box((((y --> z) --> ((z --> y) --> ⊥)) --> ⊥)) --> ⊥)) --> ⊥) --> ⊥)) --> ⊥) --> ⊥)) --> ⊥)),28
8,Diamond(Diamond((q --> (v || Diamond(r))))),(Box(((Box(((q --> ((v --> ⊥) --> (Box((r --> ⊥)) --> ⊥))) --> ⊥)) --> ⊥) --> ⊥)) --> ⊥),22
8,Diamond(Box(!((p <-> (q <-> s))))),(Box((Box(((((p --> (((q --> s) --> ((s --> q) --> ⊥)) --> ⊥)) --> (((((q --> s) --> ((s --> q) --> ⊥)) --> ⊥) --> p) --> ⊥)) --> ⊥) --> ⊥)) --> ⊥)) --> ⊥),39
8,Diamond(Diamond((x && (!(p) && y)))),(Box(((Box((((x --> ((((p --> ⊥) --> (y --> ⊥)) --> ⊥) --> ⊥)) --> ⊥) --> ⊥)) --> ⊥) --> ⊥)) --> ⊥),25
8,Diamond((Box(q) <-> Diamond(!(!(r))))),(Box(((((Box(q) --> (Box((((r --> ⊥) --> ⊥) --> ⊥)) --> ⊥)) --> (((Box((((r --> ⊥) --> ⊥) --> ⊥)) --> ⊥) --> Box(q)) --> ⊥)) --> ⊥) --> ⊥)) --> ⊥),36
8,!((w --> Box((q && Box(q))))),((w --> Box(((q --> (Box(q) --> ⊥)) --> ⊥))) --> ⊥),13
8,((t --> y) --> (Box(q) --> p)),((t --> y) --> (Box(q) --> p)),8
8,!(Box(Diamond(!(Diamond((u && r)))))),(Box((Box((((Box((((u --> (r --> ⊥)) --> ⊥) --> ⊥)) --> ⊥) --> ⊥) --> ⊥)) --> ⊥)) --> ⊥),22
8,Box(!(Box(((r && w) && w)))),Box((Box(((((r --> (w --> ⊥)) --> ⊥) --> (w --> ⊥)) --> ⊥)) --> ⊥)),17
8,Diamond((Diamond(r) || (p <-> Box(⊥)))),(Box(((((Box((r --> ⊥)) --> ⊥) --> ⊥) --> (((p --> Box(⊥)) --> ((Box(⊥) --> p) --> ⊥)) --> ⊥)) --> ⊥)) --> ⊥),27
8,Diamond((Diamond(⊥) --> !((t --> t)))),(Box((((Box((⊥ --> ⊥)) --> ⊥) --> ((t --> t) --> ⊥)) --> ⊥)) --> ⊥),17
8,Diamond((!(s) || (z --> !(t)))),(Box(((((s --> ⊥) --> ⊥) --> (z --> (t --> ⊥))) --> ⊥)) --> ⊥),16
8,Diamond(((q || v) && (u || ⊥))),(Box((((((q --> ⊥) --> v) --> (((u --> ⊥) --> ⊥) --> ⊥)) --> ⊥) --> ⊥)) --> ⊥),20
8,Diamond((!(Box(Box(⊥))) --> Diamond(z))),(Box((((Box(Box(⊥)) --> ⊥) --> (Box((z --> ⊥)) --> ⊥)) --> ⊥)) --> ⊥),17
8,Diamond(((q || (v || t)) || t)),(Box((((((q --> ⊥) --> ((v --> ⊥) --> t)) --> ⊥) --> t) --> ⊥)) --> ⊥),18
8,Diamond((⊥ || Box((Diamond(r) --> t)))),(Box((((⊥ --> ⊥) --> Box(((Box((r --> ⊥)) --> ⊥) --> t))) --> ⊥)) --> ⊥),18
8,,,-1
9,!(((t <-> !(q)) <-> (w --> r))),(((((((t --> (q --> ⊥)) --> (((q --> ⊥) --> t) --> ⊥)) --> ⊥) --> (w --> r)) --> (((w --> r) --> (((t --> (q --> ⊥)) --> (((q --> ⊥) --> t) --> ⊥)) --> ⊥)) --> ⊥)) --> ⊥) --> ⊥),45
9,(Box(s) <-> (y && (t <-> Box(t)))),(((Box(s) --> ((y --> ((((t --> Box(t)) --> ((Box(t) --> t) --> ⊥)) --> ⊥) --> ⊥)) --> ⊥)) --> ((((y --> ((((t --> Box(t)) --> ((Box(t) --> t) --> ⊥)) --> ⊥) --> ⊥)) --> ⊥) --> Box(s)) --> ⊥)) --> ⊥),49
9,(Diamond(r) <-> Diamond(Diamond((!(⊥) || ⊥)))),((((Box((r --> ⊥)) --> ⊥) --> (Box(((Box(((((⊥ --> ⊥) --> ⊥) --> ⊥) --> ⊥)) --> ⊥) --> ⊥)) --> ⊥)) --> (((Box(((Box(((((⊥ --> ⊥) --> ⊥) --> ⊥) --> ⊥)) --> ⊥) --> ⊥)) --> ⊥) --> (Box((r --> ⊥)) --> ⊥)) --> ⊥)) --> ⊥),53
9,((q <-> ((w <-> p) --> s)) || z),(((((q --> ((((w --> p) --> ((p --> w) --> ⊥)) --> ⊥) --> s)) --> ((((((w --> p) --> ((p --> w) --> ⊥)) --> ⊥) --> s) --> q) --> ⊥)) --> ⊥) --> ⊥) --> z),39
9,(t <-> (Box(q) --> (Box(w) <-> v))),(((t --> (Box(q) --> (((Box(w) --> v) --> ((v --> Box(w)) --> ⊥)) --> ⊥))) --> (((Box(q) --> (((Box(w) --> v) --> ((v --> Box(w)) --> ⊥)) --> ⊥)) --> t) --> ⊥)) --> ⊥),41
9,(Box((v <-> Diamond(u))) && (y <-> ⊥)),((Box((((v --> (Box((u --> ⊥)) --> ⊥)) --> (((Box((u --> ⊥)) --> ⊥) --> v) --> ⊥)) --> ⊥)) --> ((((y --> ⊥) --> ((⊥ --> y) --> ⊥)) --> ⊥) --> ⊥)) --> ⊥),38
9,(Diamond(u) <-> !(Diamond((w && Box(s))))),((((Box((u --> ⊥)) --> ⊥) --> ((Box((((w --> (Box(s) --> ⊥)) --> ⊥) --> ⊥)) --> ⊥) --> ⊥)) --> ((((Box((((w --> (Box(s) --> ⊥)) --> ⊥) --> ⊥)) --> ⊥) --> ⊥) --> (Box((u --> ⊥)) --> ⊥)) --> ⊥)) --> ⊥),49
9,((Diamond(⊥) <-> z) --> (Box(t) && u)),(((((Box((⊥ --> ⊥)) --> ⊥) --> z) --> ((z --> (Box((⊥ --> ⊥)) --> ⊥)) --> ⊥)) --> ⊥) --> ((Box(t) --> (u --> ⊥)) --> ⊥)),30
9,(((y --> q) <-> u) || (t <-> z)),((((((y --> q) --> u) --> ((u --> (y --> q)) --> ⊥)) --> ⊥) --> ⊥) --> (((t --> z) --> ((z --> t) --> ⊥)) --> ⊥)),29
9,(!(x) && (Diamond(Diamond(q)) --> Diamond(y))),(((x --> ⊥) --> (((Box(((Box((q --> ⊥)) --> ⊥) --> ⊥)) --> ⊥) --> (Box((y --> ⊥)) --> ⊥)) --> ⊥)) --> ⊥),26
9,((x || u) --> Box((p <-> Diamond(w)))),(((x --> ⊥) --> u) --> Box((((p --> (Box((w --> ⊥)) --> ⊥)) --> (((Box((w --> ⊥)) --> ⊥) --> p) --> ⊥)) --> ⊥))),28
9,Box(((Box(w) <-> ⊥) --> (q && t))),Box(((((Box(w) --> ⊥) --> ((⊥ --> Box(w)) --> ⊥)) --> ⊥) --> ((q --> (t --> ⊥)) --> ⊥))),22
9,(((Diamond(w) --> s) || Box(u)) <-> t),(((((((Box((w --> ⊥)) --> ⊥) --> s) --> ⊥) --> Box(u)) --> t) --> ((t --> ((((Box((w --> ⊥)) --> ⊥) --> s) --> ⊥) --> Box(u))) --> ⊥)) --> ⊥),35
9,(Box(s) || (r <-> (t && Box(z)))),((Box(s) --> ⊥) --> (((r --> ((t --> (Box(z) --> ⊥)) --> ⊥)) --> ((((t --> (Box(z) --> ⊥)) --> ⊥) --> r) --> ⊥)) --> ⊥)),30
9,(q <-> Diamond((q --> (y || Diamond(⊥))))),(((q --> (Box(((q --> ((y --> ⊥) --> (Box((⊥ --> ⊥)) --> ⊥))) --> ⊥)) --> ⊥)) --> (((Box(((q --> ((y --> ⊥) --> (Box((⊥ --> ⊥)) --> ⊥))) --> ⊥)) --> ⊥) --> q) --> ⊥)) --> ⊥),43
9,((r <-> Diamond(⊥)) && (s <-> Diamond(q))),(((((r --> (Box((⊥ --> ⊥)) --> ⊥)) --> (((Box((⊥ --> ⊥)) --> ⊥) --> r) --> ⊥)) --> ⊥) --> ((((s --> (Box((q --> ⊥)) --> ⊥)) --> (((Box((q --> ⊥)) --> ⊥) --> s) --> ⊥)) --> ⊥) --> ⊥)) --> ⊥),47
9,Box((Box((Box(⊥) || w)) && Box(q))),Box(((Box(((Box(⊥) --> ⊥) --> w)) --> (Box(q) --> ⊥)) --> ⊥)),15
9,(((z && ⊥) && v) || (z <-> q)),((((((z --> (⊥ --> ⊥)) --> ⊥) --> (v --> ⊥)) --> ⊥) --> ⊥) --> (((z --> q) --> ((q --> z) --> ⊥)) --> ⊥)),27
9,Box((!(⊥) <-> ((v && p) || t))),Box(((((⊥ --> ⊥) --> ((((v --> (p --> ⊥)) --> ⊥) --> ⊥) --> t)) --> ((((((v --> (p --> ⊥)) --> ⊥) --> ⊥) --> t) --> (⊥ --> ⊥)) --> ⊥)) --> ⊥)),36
9,(p && ((r || z) <-> Box(Box(⊥)))),((p --> ((((((r --> ⊥) --> z) --> Box(Box(⊥))) --> ((Box(Box(⊥)) --> ((r --> ⊥) --> z)) --> ⊥)) --> ⊥) --> ⊥)) --> ⊥),29
9,(w --> (!((x <-> Box(r))) && s)),(w --> ((((((x --> Box(r)) --> ((Box(r) --> x) --> ⊥)) --> ⊥) --> ⊥) --> (s --> ⊥)) --> ⊥)),23
9,Box((!((Diamond(x) --> !(u))) --> ⊥)),Box(((((Box((x --> ⊥)) --> ⊥) --> (u --> ⊥)) --> ⊥) --> ⊥)),15
9,!(!(((p --> !(⊥)) <-> Diamond(⊥)))),((((((p --> (⊥ --> ⊥)) --> (Box((⊥ --> ⊥)) --> ⊥)) --> (((Box((⊥ --> ⊥)) --> ⊥) --> (p --> (⊥ --> ⊥))) --> ⊥)) --> ⊥) --> ⊥) --> ⊥),33
9,(Diamond(p) || (q <-> Box(Box(!(w))))),(((Box((p --> ⊥)) --> ⊥) --> ⊥) --> (((q --> Box(Box((w --> ⊥)))) --> ((Box(Box((w --> ⊥))) --> q) --> ⊥)) --> ⊥)),28
9,((!(Diamond(Diamond(r))) && Diamond(z)) --> p),(((((Box(((Box((r --> ⊥)) --> ⊥) --> ⊥)) --> ⊥) --> ⊥) --> ((Box((z --> ⊥)) --> ⊥) --> ⊥)) --> ⊥) --> p),26
9,(Box((r && Box(r))) || (w && ⊥)),((Box(((r --> (Box(r) --> ⊥)) --> ⊥)) --> ⊥) --> ((w --> (⊥ --> ⊥)) --> ⊥)),19
9,(u && (Box(u) || Diamond((y || w)))),((u --> (((Box(u) --> ⊥) --> (Box((((y --> ⊥) --> w) --> ⊥)) --> ⊥)) --> ⊥)) --> ⊥),21
9,(!(p) || (p <-> (⊥ || Box(t)))),(((p --> ⊥) --> ⊥) --> (((p --> ((⊥ --> ⊥) --> Box(t))) --> ((((⊥ --> ⊥) --> Box(t)) --> p) --> ⊥)) --> ⊥)),27
9,(v <-> ((!(⊥) --> x) || Box(s))),(((v --> ((((⊥ --> ⊥) --> x) --> ⊥) --> Box(s))) --> ((((((⊥ --> ⊥) --> x) --> ⊥) --> Box(s)) --> v) --> ⊥)) --> ⊥),29
9,!(((t --> q) && (z --> Diamond(z)))),((((t --> q) --> ((z --> (Box((z --> ⊥)) --> ⊥)) --> ⊥)) --> ⊥) --> ⊥),18
9,(Diamond(w) || (Diamond(Diamond(u)) || Box(⊥))),(((Box((w --> ⊥)) --> ⊥) --> ⊥) --> (((Box(((Box((u --> ⊥)) --> ⊥) --> ⊥)) --> ⊥) --> ⊥) --> Box(⊥))),25
9,((Box((y && Box(p))) || p) || v),((((Box(((y --> (Box(p) --> ⊥)) --> ⊥)) --> ⊥) --> p) --> ⊥) --> v),17
9,((Box(z) <-> u) || (Box(r) --> v)),(((((Box(z) --> u) --> ((u --> Box(z)) --> ⊥)) --> ⊥) --> ⊥) --> (Box(r) --> v)),20
9,(Diamond(s) && ((⊥ || u) && Box(v))),(((Box((s --> ⊥)) --> ⊥) --> (((((⊥ --> ⊥) --> u) --> (Box(v) --> ⊥)) --> ⊥) --> ⊥)) --> ⊥),23
9,((!(w) || z) || (y && Diamond(⊥))),(((((w --> ⊥) --> ⊥) --> z) --> ⊥) --> ((y --> ((Box((⊥ --> ⊥)) --> ⊥) --> ⊥)) --> ⊥)),22
9,((z || z) && (v || (r && p))),((((z --> ⊥) --> z) --> (((v --> ⊥) --> ((r --> (p --> ⊥)) --> ⊥)) --> ⊥)) --> ⊥),21
9,((p && !(!(w))) && (s <-> s)),((((p --> (((w --> ⊥) --> ⊥) --> ⊥)) --> ⊥) --> ((((s --> s) --> ((s --> s) --> ⊥)) --> ⊥) --> ⊥)) --> ⊥),27
9,Box(((Diamond(t) && p) && (s && v))),Box((((((Box((t --> ⊥)) --> ⊥) --> (p --> ⊥)) --> ⊥) --> (((s --> (v --> ⊥)) --> ⊥) --> ⊥)) --> ⊥)),25
9,(Diamond(y) && Box(!(!((r && y))))),(((Box((y --> ⊥)) --> ⊥) --> (Box(((((r --> (y --> ⊥)) --> ⊥) --> ⊥) --> ⊥)) --> ⊥)) --> ⊥),23
9,(Box((y <-> w)) && (!(p) && z)),((Box((((y --> w) --> ((w --> y) --> ⊥)) --> ⊥)) --> ((((p --> ⊥) --> (z --> ⊥)) --> ⊥) --> ⊥)) --> ⊥),26
9,((Box(x) --> Diamond(v)) --> (⊥ && u)),((Box(x) --> (Box((v --> ⊥)) --> ⊥)) --> ((⊥ --> (u --> ⊥)) --> ⊥)),17
9,!(Diamond(Box((Box(u) <-> (z <-> q))))),((Box((Box((((Box(u) --> (((z --> q) --> ((q --> z) --> ⊥)) --> ⊥)) --> (((((z --> q) --> ((q --> z) --> ⊥)) --> ⊥) --> Box(u)) --> ⊥)) --> ⊥)) --> ⊥)) --> ⊥) --> ⊥),41
9,(Box(!((t && p))) || !(Box(r))),((Box((((t --> (p --> ⊥)) --> ⊥) --> ⊥)) --> ⊥) --> (Box(r) --> ⊥)),17
9,((Diamond(!(⊥)) --> Diamond(y)) --> Diamond(⊥)),(((Box(((⊥ --> ⊥) --> ⊥)) --> ⊥) --> (Box((y --> ⊥)) --> ⊥)) --> (Box((⊥ --> ⊥)) --> ⊥)),22
9,((Diamond((s || p)) || Diamond(x)) || y),(((((Box((((s --> ⊥) --> p) --> ⊥)) --> ⊥) --> ⊥) --> (Box((x --> ⊥)) --> ⊥)) --> ⊥) --> y),23
9,(!(Diamond(Box(q))) && Diamond((z <-> ⊥))),((((Box((Box(q) --> ⊥)) --> ⊥) --> ⊥) --> ((Box(((((z --> ⊥) --> ((⊥ --> z) --> ⊥)) --> ⊥) --> ⊥)) --> ⊥) --> ⊥)) --> ⊥),30
9,!(Diamond(((!(y) || s) || !(⊥)))),((Box(((((((y --> ⊥) --> ⊥) --> s) --> ⊥) --> (⊥ --> ⊥)) --> ⊥)) --> ⊥) --> ⊥),20
9,!(!((!(⊥) --> (z && Box(s))))),((((⊥ --> ⊥) --> ((z --> (Box(s) --> ⊥)) --> ⊥)) --> ⊥) --> ⊥),16
9,(!(!(⊥)) || Diamond((!(w) <-> r))),((((⊥ --> ⊥) --> ⊥) --> ⊥) --> (Box((((((w --> ⊥) --> r) --> ((r --> (w --> ⊥)) --> ⊥)) --> ⊥) --> ⊥)) --> ⊥)),28
9,(((s <-> ⊥) --> s) --> (p --> w)),(((((s --> ⊥) --> ((⊥ --> s) --> ⊥)) --> ⊥) --> s) --> (p --> w)),17
9,(Diamond(Box(y)) --> ((p || ⊥) || t)),((Box((Box(y) --> ⊥)) --> ⊥) --> ((((p --> ⊥) --> ⊥) --> ⊥) --> t)),17
9,(Diamond((!(Diamond(p)) <-> u)) || Diamond(u)),(((Box(((((((Box((p --> ⊥)) --> ⊥) --> ⊥) --> u) --> ((u --> ((Box((p --> ⊥)) --> ⊥) --> ⊥)) --> ⊥)) --> ⊥) --> ⊥)) --> ⊥) --> ⊥) --> (Box((u --> ⊥)) --> ⊥)),39
9,(v --> (Box(Diamond(Diamond(⊥))) || !(r))),(v --> ((Box((Box(((Box((⊥ --> ⊥)) --> ⊥) --> ⊥)) --> ⊥)) --> ⊥) --> (r --> ⊥))),20
9,(!((!(s) --> (q || v))) || v),(((((s --> ⊥) --> ((q --> ⊥) --> v)) --> ⊥) --> ⊥) --> v),15
9,(Diamond(p) --> !(Box((Box(v) || y)))),((Box((p --> ⊥)) --> ⊥) --> (Box(((Box(v) --> ⊥) --> y)) --> ⊥)),16
9,(x --> (Diamond(Box(Diamond(u))) --> Box(y))),(x --> ((Box((Box((Box((u --> ⊥)) --> ⊥)) --> ⊥)) --> ⊥) --> Box(y))),17
9,(((v && s) || (⊥ --> x)) --> x),(((((v --> (s --> ⊥)) --> ⊥) --> ⊥) --> (⊥ --> x)) --> x),15
9,(!(q) --> !((p || !(!(⊥))))),((q --> ⊥) --> (((p --> ⊥) --> ((⊥ --> ⊥) --> ⊥)) --> ⊥)),15
9,(!((!(s) --> Diamond(t))) --> !(t)),((((s --> ⊥) --> (Box((t --> ⊥)) --> ⊥)) --> ⊥) --> (t --> ⊥)),16
9,(!(Box(s)) || Box((t --> !(x)))),(((Box(s) --> ⊥) --> ⊥) --> Box((t --> (x --> ⊥)))),13
9,(Box(p) --> (Diamond(w) && (⊥ --> p))),(Box(p) --> (((Box((w --> ⊥)) --> ⊥) --> ((⊥ --> p) --> ⊥)) --> ⊥)),17
9,((p || !(x)) && (Box(q) --> y)),((((p --> ⊥) --> (x --> ⊥)) --> ((Box(q) --> y) --> ⊥)) --> ⊥),16
9,(p && Diamond((p || !((z || ⊥))))),((p --> ((Box((((p --> ⊥) --> (((z --> ⊥) --> ⊥) --> ⊥)) --> ⊥)) --> ⊥) --> ⊥)) --> ⊥),22
9,Box(Diamond(((⊥ <-> !(w)) <-> Box(⊥)))),Box((Box((((((((⊥ --> (w --> ⊥)) --> (((w --> ⊥) --> ⊥) --> ⊥)) --> ⊥) --> Box(⊥)) --> ((Box(⊥) --> (((⊥ --> (w --> ⊥)) --> (((w --> ⊥) --> ⊥) --> ⊥)) --> ⊥)) --> ⊥)) --> ⊥) --> ⊥)) --> ⊥)),47
9,((Diamond(y) --> q) --> (z || !(x))),(((Box((y --> ⊥)) --> ⊥) --> q) --> ((z --> ⊥) --> (x --> ⊥))),16
9,Diamond(((!(t) <-> Diamond(s)) <-> Diamond(⊥))),(Box(((((((((t --> ⊥) --> (Box((s --> ⊥)) --> ⊥)) --> (((Box((s --> ⊥)) --> ⊥) --> (t --> ⊥)) --> ⊥)) --> ⊥) --> (Box((⊥ --> ⊥)) --> ⊥)) --> (((Box((⊥ --> ⊥)) --> ⊥) --> ((((t --> ⊥) --> (Box((s --> ⊥)) --> ⊥)) --> (((Box((s --> ⊥)) --> ⊥) --> (t --> ⊥)) --> ⊥)) --> ⊥)) --> ⊥)) --> ⊥) --> ⊥)) --> ⊥),74
9,!((Diamond(!((p --> t))) --> Diamond(z))),(((Box((((p --> t) --> ⊥) --> ⊥)) --> ⊥) --> (Box((z --> ⊥)) --> ⊥)) --> ⊥),19
9,(Box(Box((w --> r))) || (u --> x)),((Box(Box((w --> r))) --> ⊥) --> (u --> x)),11
9,(Diamond((Diamond(!(t)) && !(u))) || ⊥),(((Box(((((Box(((t --> ⊥) --> ⊥)) --> ⊥) --> ((u --> ⊥) --> ⊥)) --> ⊥) --> ⊥)) --> ⊥) --> ⊥) --> ⊥),25
9,(w --> ((!(u) --> x) --> Diamond(p))),(w --> (((u --> ⊥) --> x) --> (Box((p --> ⊥)) --> ⊥))),14
9,!(!(Diamond((!(s) || !(Diamond(s)))))),(((Box(((((s --> ⊥) --> ⊥) --> ((Box((s --> ⊥)) --> ⊥) --> ⊥)) --> ⊥)) --> ⊥) --> ⊥) --> ⊥),23
9,((w --> ⊥) && !(Box((u --> p)))),(((w --> ⊥) --> ((Box((u --> p)) --> ⊥) --> ⊥)) --> ⊥),14
9,((!(u) --> Box(x)) --> (v || s)),(((u --> ⊥) --> Box(x)) --> ((v --> ⊥) --> s)),12
9,(!(Box((s --> (u --> x)))) && x),(((Box((s --> (u --> x))) --> ⊥) --> (x --> ⊥)) --> ⊥),14
9,!((Diamond((⊥ && (⊥ || ⊥))) --> s)),(((Box((((⊥ --> (((⊥ --> ⊥) --> ⊥) --> ⊥)) --> ⊥) --> ⊥)) --> ⊥) --> s) --> ⊥),20
9,Diamond(!((Diamond(w) --> (y && Diamond(w))))),(Box(((((Box((w --> ⊥)) --> ⊥) --> ((y --> ((Box((w --> ⊥)) --> ⊥) --> ⊥)) --> ⊥)) --> ⊥) --> ⊥)) --> ⊥),26
9,Diamond((!((t && ⊥)) <-> (y <-> u))),(Box((((((((t --> (⊥ --> ⊥)) --> ⊥) --> ⊥) --> (((y --> u) --> ((u --> y) --> ⊥)) --> ⊥)) --> (((((y --> u) --> ((u --> y) --> ⊥)) --> ⊥) --> (((t --> (⊥ --> ⊥)) --> ⊥) --> ⊥)) --> ⊥)) --> ⊥) --> ⊥)) --> ⊥),52
9,Diamond((p && (y --> (⊥ || !(⊥))))),(Box((((p --> ((y --> ((⊥ --> ⊥) --> (⊥ --> ⊥))) --> ⊥)) --> ⊥) --> ⊥)) --> ⊥),20
9,,,-1
10,(Box((u <-> Diamond(x))) <-> (Box(v) <-> r)),(((Box((((u --> (Box((x --> ⊥)) --> ⊥)) --> (((Box((x --> ⊥)) --> ⊥) --> u) --> ⊥)) --> ⊥)) --> (((Box(v) --> r) --> ((r --> Box(v)) --> ⊥)) --> ⊥)) --> (((((Box(v) --> r) --> ((r --> Box(v)) --> ⊥)) --> ⊥) --> Box((((u --> (Box((x --> ⊥)) --> ⊥)) --> (((Box((x --> ⊥)) --> ⊥) --> u) --> ⊥)) --> ⊥))) --> ⊥)) --> ⊥),77
10,((Diamond(w) <-> !(w)) <-> !(!(Diamond(x)))),(((((((Box((w --> ⊥)) --> ⊥) --> (w --> ⊥)) --> (((w --> ⊥) --> (Box((w --> ⊥)) --> ⊥)) --> ⊥)) --> ⊥) --> (((Box((x --> ⊥)) --> ⊥) --> ⊥) --> ⊥)) --> (((((Box((x --> ⊥)) --> ⊥) --> ⊥) --> ⊥) --> ((((Box((w --> ⊥)) --> ⊥) --> (w --> ⊥)) --> (((w --> ⊥) --> (Box((w --> ⊥)) --> ⊥)) --> ⊥)) --> ⊥)) --> ⊥)) --> ⊥),77
10,((Diamond(Diamond((p && u))) <-> t) <-> !(r)),(((((((Box(((Box((((p --> (u --> ⊥)) --> ⊥) --> ⊥)) --> ⊥) --> ⊥)) --> ⊥) --> t) --> ((t --> (Box(((Box((((p --> (u --> ⊥)) --> ⊥) --> ⊥)) --> ⊥) --> ⊥)) --> ⊥)) --> ⊥)) --> ⊥) --> (r --> ⊥)) --> (((r --> ⊥) --> ((((Box(((Box((((p --> (u --> ⊥)) --> ⊥) --> ⊥)) --> ⊥) --> ⊥)) --> ⊥) --> t) --> ((t --> (Box(((Box((((p --> (u --> ⊥)) --> ⊥) --> ⊥)) --> ⊥) --> ⊥)) --> ⊥)) --> ⊥)) --> ⊥)) --> ⊥)) --> ⊥),99
10,(p <-> ((y <-> Diamond(r)) && (t || p))),(((p --> (((((y --> (Box((r --> ⊥)) --> ⊥)) --> (((Box((r --> ⊥)) --> ⊥) --> y) --> ⊥)) --> ⊥) --> (((t --> ⊥) --> p) --> ⊥)) --> ⊥)) --> (((((((y --> (Box((r --> ⊥)) --> ⊥)) --> (((Box((r --> ⊥)) --> ⊥) --> y) --> ⊥)) --> ⊥) --> (((t --> ⊥) --> p) --> ⊥)) --> ⊥) --> p) --> ⊥)) --> ⊥),71
10,(((Box(t) || v) <-> (y <-> z)) || u),(((((((Box(t) --> ⊥) --> v) --> (((y --> z) --> ((z --> y) --> ⊥)) --> ⊥)) --> (((((y --> z) --> ((z --> y) --> ⊥)) --> ⊥) --> ((Box(t) --> ⊥) --> v)) --> ⊥)) --> ⊥) --> ⊥) --> u),45
10,(Diamond(w) <-> (⊥ && (z <-> (x || q)))),((((Box((w --> ⊥)) --> ⊥) --> ((⊥ --> ((((z --> ((x --> ⊥) --> q)) --> ((((x --> ⊥) --> q) --> z) --> ⊥)) --> ⊥) --> ⊥)) --> ⊥)) --> ((((⊥ --> ((((z --> ((x --> ⊥) --> q)) --> ((((x --> ⊥) --> q) --> z) --> ⊥)) --> ⊥) --> ⊥)) --> ⊥) --> (Box((w --> ⊥)) --> ⊥)) --> ⊥)) --> ⊥),69
10,(Diamond(y) --> (t <-> Diamond(Diamond((t --> w))))),((Box((y --> ⊥)) --> ⊥) --> (((t --> (Box(((Box(((t --> w) --> ⊥)) --> ⊥) --> ⊥)) --> ⊥)) --> (((Box(((Box(((t --> w) --> ⊥)) --> ⊥) --> ⊥)) --> ⊥) --> t) --> ⊥)) --> ⊥)),42
10,(!(x) && !(((r && p) <-> Box(w)))),(((x --> ⊥) --> (((((((r --> (p --> ⊥)) --> ⊥) --> Box(w)) --> ((Box(w) --> ((r --> (p --> ⊥)) --> ⊥)) --> ⊥)) --> ⊥) --> ⊥) --> ⊥)) --> ⊥),35
10,((Diamond(w) <-> Diamond(r)) || Diamond((⊥ || q))),((((((Box((w --> ⊥)) --> ⊥) --> (Box((r --> ⊥)) --> ⊥)) --> (((Box((r --> ⊥)) --> ⊥) --> (Box((w --> ⊥)) --> ⊥)) --> ⊥)) --> ⊥) --> ⊥) --> (Box((((⊥ --> ⊥) --> q) --> ⊥)) --> ⊥)),44
10,(Box((s && Box(q))) || (Diamond(x) <-> w)),((Box(((s --> (Box(q) --> ⊥)) --> ⊥)) --> ⊥) --> ((((Box((x --> ⊥)) --> ⊥) --> w) --> ((w --> (Box((x --> ⊥)) --> ⊥)) --> ⊥)) --> ⊥)),33
10,(Diamond((Diamond(x) && q)) <-> (!(p) --> z)),((((Box(((((Box((x --> ⊥)) --> ⊥) --> (q --> ⊥)) --> ⊥) --> ⊥)) --> ⊥) --> ((p --> ⊥) --> z)) --> ((((p --> ⊥) --> z) --> (Box(((((Box((x --> ⊥)) --> ⊥) --> (q --> ⊥)) --> ⊥) --> ⊥)) --> ⊥)) --> ⊥)) --> ⊥),51
10,((Diamond(!(r)) <-> !(Box(⊥))) --> Diamond(⊥)),(((((Box(((r --> ⊥) --> ⊥)) --> ⊥) --> (Box(⊥) --> ⊥)) --> (((Box(⊥) --> ⊥) --> (Box(((r --> ⊥) --> ⊥)) --> ⊥)) --> ⊥)) --> ⊥) --> (Box((⊥ --> ⊥)) --> ⊥)),38
10,(p <-> (Diamond(!(Box((q && ⊥)))) --> s)),(((p --> ((Box(((Box(((q --> (⊥ --> ⊥)) --> ⊥)) --> ⊥) --> ⊥)) --> ⊥) --> s)) --> ((((Box(((Box(((q --> (⊥ --> ⊥)) --> ⊥)) --> ⊥) --> ⊥)) --> ⊥) --> s) --> p) --> ⊥)) --> ⊥),43
10,(Diamond(Diamond(Box((t <-> r)))) --> (x && r)),((Box(((Box((Box((((t --> r) --> ((r --> t) --> ⊥)) --> ⊥)) --> ⊥)) --> ⊥) --> ⊥)) --> ⊥) --> ((x --> (r --> ⊥)) --> ⊥)),30
10,(⊥ && ((w || (s --> Diamond(s))) <-> q)),((⊥ --> ((((((w --> ⊥) --> (s --> (Box((s --> ⊥)) --> ⊥))) --> q) --> ((q --> ((w --> ⊥) --> (s --> (Box((s --> ⊥)) --> ⊥)))) --> ⊥)) --> ⊥) --> ⊥)) --> ⊥),39
10,(Diamond(t) && (!((r && z)) <-> Diamond(w))),(((Box((t --> ⊥)) --> ⊥) --> (((((((r --> (z --> ⊥)) --> ⊥) --> ⊥) --> (Box((w --> ⊥)) --> ⊥)) --> (((Box((w --> ⊥)) --> ⊥) --> (((r --> (z --> ⊥)) --> ⊥) --> ⊥)) --> ⊥)) --> ⊥) --> ⊥)) --> ⊥),48
10,(!(Diamond(((⊥ && t) || !(⊥)))) <-> q),(((((Box((((((⊥ --> (t --> ⊥)) --> ⊥) --> ⊥) --> (⊥ --> ⊥)) --> ⊥)) --> ⊥) --> ⊥) --> q) --> ((q --> ((Box((((((⊥ --> (t --> ⊥)) --> ⊥) --> ⊥) --> (⊥ --> ⊥)) --> ⊥)) --> ⊥) --> ⊥)) --> ⊥)) --> ⊥),49
10,((x && (q || t)) <-> Box((w || ⊥))),(((((x --> (((q --> ⊥) --> t) --> ⊥)) --> ⊥) --> Box(((w --> ⊥) --> ⊥))) --> ((Box(((w --> ⊥) --> ⊥)) --> ((x --> (((q --> ⊥) --> t) --> ⊥)) --> ⊥)) --> ⊥)) --> ⊥),41
10,(Diamond(w) --> ((r --> Box(x)) <-> !(v))),((Box((w --> ⊥)) --> ⊥) --> ((((r --> Box(x)) --> (v --> ⊥)) --> (((v --> ⊥) --> (r --> Box(x))) --> ⊥)) --> ⊥)),28
10,((Diamond(s) --> r) <-> !(Box((p && q)))),(((((Box((s --> ⊥)) --> ⊥) --> r) --> (Box(((p --> (q --> ⊥)) --> ⊥)) --> ⊥)) --> (((Box(((p --> (q --> ⊥)) --> ⊥)) --> ⊥) --> ((Box((s --> ⊥)) --> ⊥) --> r)) --> ⊥)) --> ⊥),43
10,Box(((Box(v) && !(⊥)) || (⊥ || u))),Box(((((Box(v) --> ((⊥ --> ⊥) --> ⊥)) --> ⊥) --> ⊥) --> ((⊥ --> ⊥) --> u))),19
10,(Box(q) && (Box(Box(x)) <-> (v <-> z))),((Box(q) --> ((((Box(Box(x)) --> (((v --> z) --> ((z --> v) --> ⊥)) --> ⊥)) --> (((((v --> z) --> ((z --> v) --> ⊥)) --> ⊥) --> Box(Box(x))) --> ⊥)) --> ⊥) --> ⊥)) --> ⊥),42
10,(Box(((!(y) && t) <-> !(t))) || z),((Box(((((((y --> ⊥) --> (t --> ⊥)) --> ⊥) --> (t --> ⊥)) --> (((t --> ⊥) --> (((y --> ⊥) --> (t --> ⊥)) --> ⊥)) --> ⊥)) --> ⊥)) --> ⊥) --> z),36
10,((Box((t --> ⊥)) --> (r <-> ⊥)) <-> r),((((Box((t --> ⊥)) --> (((r --> ⊥) --> ((⊥ --> r) --> ⊥)) --> ⊥)) --> r) --> ((r --> (Box((t --> ⊥)) --> (((r --> ⊥) --> ((⊥ --> r) --> ⊥)) --> ⊥))) --> ⊥)) --> ⊥),41
10,Box((!(t) && Box((p --> Diamond(Diamond(x)))))),Box((((t --> ⊥) --> (Box((p --> (Box(((Box((x --> ⊥)) --> ⊥) --> ⊥)) --> ⊥))) --> ⊥)) --> ⊥)),23
10,!((Box(!(Box(Box(Diamond(⊥))))) <-> Box(p))),((((Box((Box(Box((Box((⊥ --> ⊥)) --> ⊥))) --> ⊥)) --> Box(p)) --> ((Box(p) --> Box((Box(Box((Box((⊥ --> ⊥)) --> ⊥))) --> ⊥))) --> ⊥)) --> ⊥) --> ⊥),35
10,(!(Diamond(!(((q && w) || t)))) || ⊥),((((Box(((((((q --> (w --> ⊥)) --> ⊥) --> ⊥) --> t) --> ⊥) --> ⊥)) --> ⊥) --> ⊥) --> ⊥) --> ⊥),24
10,(z --> (Diamond(Box(u)) && (p <-> Diamond(⊥)))),(z --> (((Box((Box(u) --> ⊥)) --> ⊥) --> ((((p --> (Box((⊥ --> ⊥)) --> ⊥)) --> (((Box((⊥ --> ⊥)) --> ⊥) --> p) --> ⊥)) --> ⊥) --> ⊥)) --> ⊥)),35
10,((p --> Diamond(t)) || (v && Box(Diamond(p)))),(((p --> (Box((t --> ⊥)) --> ⊥)) --> ⊥) --> ((v --> (Box((Box((p --> ⊥)) --> ⊥)) --> ⊥)) --> ⊥)),24
10,(q <-> Diamond(Box(Box((Diamond(⊥) || Diamond(q)))))),(((q --> (Box((Box(Box((((Box((⊥ --> ⊥)) --> ⊥) --> ⊥) --> (Box((q --> ⊥)) --> ⊥)))) --> ⊥)) --> ⊥)) --> (((Box((Box(Box((((Box((⊥ --> ⊥)) --> ⊥) --> ⊥) --> (Box((q --> ⊥)) --> ⊥)))) --> ⊥)) --> ⊥) --> q) --> ⊥)) --> ⊥),53
10,((v --> !(t)) || !((⊥ <-> Box(t)))),(((v --> (t --> ⊥)) --> ⊥) --> ((((⊥ --> Box(t)) --> ((Box(t) --> ⊥) --> ⊥)) --> ⊥) --> ⊥)),23
10,(y || ((t && Diamond((⊥ <-> r))) || s)),((y --> ⊥) --> ((((t --> ((Box(((((⊥ --> r) --> ((r --> ⊥) --> ⊥)) --> ⊥) --> ⊥)) --> ⊥) --> ⊥)) --> ⊥) --> ⊥) --> s)),30
10,!(!((Box(⊥) || ((w && w) && y)))),((((Box(⊥) --> ⊥) --> ((((w --> (w --> ⊥)) --> ⊥) --> (y --> ⊥)) --> ⊥)) --> ⊥) --> ⊥),22
10,((s --> !(q)) && (Diamond(q) --> Diamond(r))),(((s --> (q --> ⊥)) --> (((Box((q --> ⊥)) --> ⊥) --> (Box((r --> ⊥)) --> ⊥)) --> ⊥)) --> ⊥),23
10,(Diamond((w && !(s))) || (z --> Box(z))),(((Box((((w --> ((s --> ⊥) --> ⊥)) --> ⊥) --> ⊥)) --> ⊥) --> ⊥) --> (z --> Box(z))),21
10,((t || ⊥) && (!(Diamond(w)) || Box(⊥))),((((t --> ⊥) --> ⊥) --> (((((Box((w --> ⊥)) --> ⊥) --> ⊥) --> ⊥) --> Box(⊥)) --> ⊥)) --> ⊥),23
10,(!(Diamond(!(y))) --> ((v && t) && w)),(((Box(((y --> ⊥) --> ⊥)) --> ⊥) --> ⊥) --> ((((v --> (t --> ⊥)) --> ⊥) --> (w --> ⊥)) --> ⊥)),24
10,(!((Diamond(q) || ⊥)) && (!(y) --> y)),((((((Box((q --> ⊥)) --> ⊥) --> ⊥) --> ⊥) --> ⊥) --> (((y --> ⊥) --> y) --> ⊥)) --> ⊥),22
10,(Box(⊥) || ((r && Box(r)) && Box(w))),((Box(⊥) --> ⊥) --> ((((r --> (Box(r) --> ⊥)) --> ⊥) --> (Box(w) --> ⊥)) --> ⊥)),20
10,((Diamond((y && q)) && Diamond(v)) || !(u)),(((((Box((((y --> (q --> ⊥)) --> ⊥) --> ⊥)) --> ⊥) --> ((Box((v --> ⊥)) --> ⊥) --> ⊥)) --> ⊥) --> ⊥) --> (u --> ⊥)),29
10,((Diamond((u || Diamond(⊥))) || Diamond(v)) && ⊥),(((((Box((((u --> ⊥) --> (Box((⊥ --> ⊥)) --> ⊥)) --> ⊥)) --> ⊥) --> ⊥) --> (Box((v --> ⊥)) --> ⊥)) --> (⊥ --> ⊥)) --> ⊥),30
10,(((!(v) --> Box(!(v))) && x) || r),((((((v --> ⊥) --> Box((v --> ⊥))) --> (x --> ⊥)) --> ⊥) --> ⊥) --> r),18
10,((Diamond(!(p)) --> !(u)) || (w --> s)),((((Box(((p --> ⊥) --> ⊥)) --> ⊥) --> (u --> ⊥)) --> ⊥) --> (w --> s)),18
10,(v && Diamond((!((v <-> w)) || Diamond(r)))),((v --> ((Box((((((((v --> w) --> ((w --> v) --> ⊥)) --> ⊥) --> ⊥) --> ⊥) --> (Box((r --> ⊥)) --> ⊥)) --> ⊥)) --> ⊥) --> ⊥)) --> ⊥),33
10,((!(z) --> (q --> ⊥)) --> (r <-> v)),(((z --> ⊥) --> (q --> ⊥)) --> (((r --> v) --> ((v --> r) --> ⊥)) --> ⊥)),19
10,((v --> Box(⊥)) --> Box(!((w && w)))),((v --> Box(⊥)) --> Box((((w --> (w --> ⊥)) --> ⊥) --> ⊥))),15
10,Box(((s --> y) && ((⊥ --> v) || q))),Box((((s --> y) --> ((((⊥ --> v) --> ⊥) --> q) --> ⊥)) --> ⊥)),16
10,(!(Box((Box(!(r)) || t))) || Box(z)),(((Box(((Box((r --> ⊥)) --> ⊥) --> t)) --> ⊥) --> ⊥) --> Box(z)),16
10,(Box(!(Box(Diamond(q)))) && Box((x && ⊥))),((Box((Box((Box((q --> ⊥)) --> ⊥)) --> ⊥)) --> (Box(((x --> (⊥ --> ⊥)) --> ⊥)) --> ⊥)) --> ⊥),23
10,(Diamond(!(Box(u))) && Box(Box((q --> ⊥)))),(((Box(((Box(u) --> ⊥) --> ⊥)) --> ⊥) --> (Box(Box((q --> ⊥))) --> ⊥)) --> ⊥),19
10,((Box(⊥) || Box(y)) --> (⊥ && !(v))),(((Box(⊥) --> ⊥) --> Box(y)) --> ((⊥ --> ((v --> ⊥) --> ⊥)) --> ⊥)),17
10,(Diamond(((s --> t) --> v)) --> (t || t)),((Box((((s --> t) --> v) --> ⊥)) --> ⊥) --> ((t --> ⊥) --> t)),16
10,(Box(t) && !(Box(((⊥ --> ⊥) <-> p)))),((Box(t) --> ((Box(((((⊥ --> ⊥) --> p) --> ((p --> (⊥ --> ⊥)) --> ⊥)) --> ⊥)) --> ⊥) --> ⊥)) --> ⊥),25
10,!((v && Box(Diamond(!((Box(⊥) || y)))))),(((v --> (Box((Box(((((Box(⊥) --> ⊥) --> y) --> ⊥) --> ⊥)) --> ⊥)) --> ⊥)) --> ⊥) --> ⊥),22
10,(((⊥ --> ⊥) || (⊥ <-> y)) --> !(t)),((((⊥ --> ⊥) --> ⊥) --> (((⊥ --> y) --> ((y --> ⊥) --> ⊥)) --> ⊥)) --> (t --> ⊥)),21
10,!((Box(Box((!(w) --> x))) --> Box(u))),((Box(Box(((w --> ⊥) --> x))) --> Box(u)) --> ⊥),12
10,(!((Box(v) --> ⊥)) --> !((s || x))),(((Box(v) --> ⊥) --> ⊥) --> (((s --> ⊥) --> x) --> ⊥)),14
10,Box(Diamond(Diamond(!((t <-> Box((w || v))))))),Box((Box(((Box((((((t --> Box(((w --> ⊥) --> v))) --> ((Box(((w --> ⊥) --> v)) --> t) --> ⊥)) --> ⊥) --> ⊥) --> ⊥)) --> ⊥) --> ⊥)) --> ⊥)),34
10,!(!(Diamond((!(Box(!(t))) || !(x))))),(((Box(((((Box((t --> ⊥)) --> ⊥) --> ⊥) --> (x --> ⊥)) --> ⊥)) --> ⊥) --> ⊥) --> ⊥),21
10,(Diamond(Box((!(p) || (s || s)))) || w),(((Box((Box((((p --> ⊥) --> ⊥) --> ((s --> ⊥) --> s))) --> ⊥)) --> ⊥) --> ⊥) --> w),21
10,Diamond(((Diamond(q) && Diamond(t)) <-> (s --> ⊥))),(Box((((((((Box((q --> ⊥)) --> ⊥) --> ((Box((t --> ⊥)) --> ⊥) --> ⊥)) --> ⊥) --> (s --> ⊥)) --> (((s --> ⊥) --> (((Box((q --> ⊥)) --> ⊥) --> ((Box((t --> ⊥)) --> ⊥) --> ⊥)) --> ⊥)) --> ⊥)) --> ⊥) --> ⊥)) --> ⊥),52
10,Diamond((Box(⊥) && (q || Diamond((w && ⊥))))),(Box((((Box(⊥) --> (((q --> ⊥) --> (Box((((w --> (⊥ --> ⊥)) --> ⊥) --> ⊥)) --> ⊥)) --> ⊥)) --> ⊥) --> ⊥)) --> ⊥),28
10,Diamond((r && (r || (Box(⊥) && !(v))))),(Box((((r --> (((r --> ⊥) --> ((Box(⊥) --> ((v --> ⊥) --> ⊥)) --> ⊥)) --> ⊥)) --> ⊥) --> ⊥)) --> ⊥),25
10,Diamond(!(((p || Diamond(Box(!(⊥)))) || s))),(Box(((((((p --> ⊥) --> (Box((Box((⊥ --> ⊥)) --> ⊥)) --> ⊥)) --> ⊥) --> s) --> ⊥) --> ⊥)) --> ⊥),24
10,Diamond((!(z) || Diamond((Box(⊥) || Diamond(q))))),(Box(((((z --> ⊥) --> ⊥) --> (Box((((Box(⊥) --> ⊥) --> (Box((q --> ⊥)) --> ⊥)) --> ⊥)) --> ⊥)) --> ⊥)) --> ⊥),27
10,Diamond(Diamond(((v --> ⊥) <-> (t || Diamond(u))))),(Box(((Box((((((v --> ⊥) --> ((t --> ⊥) --> (Box((u --> ⊥)) --> ⊥))) --> ((((t --> ⊥) --> (Box((u --> ⊥)) --> ⊥)) --> (v --> ⊥)) --> ⊥)) --> ⊥) --> ⊥)) --> ⊥) --> ⊥)) --> ⊥),43
10,(Box(p) --> Diamond(!((Diamond(q) --> Box(q))))),(Box(p) --> (Box(((((Box((q --> ⊥)) --> ⊥) --> Box(q)) --> ⊥) --> ⊥)) --> ⊥)),19
10,Diamond(!(Box(!(Box((Diamond(Box(v)) || r)))))),(Box(((Box((Box((((Box((Box(v) --> ⊥)) --> ⊥) --> ⊥) --> r)) --> ⊥)) --> ⊥) --> ⊥)) --> ⊥),22
10,Diamond(((Diamond(⊥) <-> q) || (⊥ && !(q)))),(Box((((((((Box((⊥ --> ⊥)) --> ⊥) --> q) --> ((q --> (Box((⊥ --> ⊥)) --> ⊥)) --> ⊥)) --> ⊥) --> ⊥) --> ((⊥ --> ((q --> ⊥) --> ⊥)) --> ⊥)) --> ⊥)) --> ⊥),38
10,Diamond(!(((Diamond(q) || ⊥) --> (w --> r)))),(Box(((((((Box((q --> ⊥)) --> ⊥) --> ⊥) --> ⊥) --> (w --> r)) --> ⊥) --> ⊥)) --> ⊥),21
10,!(Box(!((Box(p) --> Diamond((y && x)))))),(Box(((Box(p) --> (Box((((y --> (x --> ⊥)) --> ⊥) --> ⊥)) --> ⊥)) --> ⊥)) --> ⊥),20
10,Diamond(!((y --> (Diamond(Box(x)) && !(u))))),(Box((((y --> (((Box((Box(x) --> ⊥)) --> ⊥) --> ((u --> ⊥) --> ⊥)) --> ⊥)) --> ⊥) --> ⊥)) --> ⊥),24
10,Diamond(((!(q) || u) --> (w <-> Box(y)))),(Box((((((q --> ⊥) --> ⊥) --> u) --> (((w --> Box(y)) --> ((Box(y) --> w) --> ⊥)) --> ⊥)) --> ⊥)) --> ⊥),26
10,,,-1
10,,,-1
10,,,-1
11,((v || x) --> Box((Diamond(z) <-> Diamond(Diamond(v))))),(((v --> ⊥) --> x) --> Box(((((Box((z --> ⊥)) --> ⊥) --> (Box(((Box((v --> ⊥)) --> ⊥) --> ⊥)) --> ⊥)) --> (((Box(((Box((v --> ⊥)) --> ⊥) --> ⊥)) --> ⊥) --> (Box((z --> ⊥)) --> ⊥)) --> ⊥)) --> ⊥))),48
11,((Diamond(⊥) <-> Diamond(s)) <-> (x && (x <-> v))),(((((((Box((⊥ --> ⊥)) --> ⊥) --> (Box((s --> ⊥)) --> ⊥)) --> (((Box((s --> ⊥)) --> ⊥) --> (Box((⊥ --> ⊥)) --> ⊥)) --> ⊥)) --> ⊥) --> ((x --> ((((x --> v) --> ((v --> x) --> ⊥)) --> ⊥) --> ⊥)) --> ⊥)) --> ((((x --> ((((x --> v) --> ((v --> x) --> ⊥)) --> ⊥) --> ⊥)) --> ⊥) --> ((((Box((⊥ --> ⊥)) --> ⊥) --> (Box((s --> ⊥)) --> ⊥)) --> (((Box((s --> ⊥)) --> ⊥) --> (Box((⊥ --> ⊥)) --> ⊥)) --> ⊥)) --> ⊥)) --> ⊥)) --> ⊥),103
11,Box(((z && !(Diamond((p || w)))) || Diamond(y))),Box(((((z --> (((Box((((p --> ⊥) --> w) --> ⊥)) --> ⊥) --> ⊥) --> ⊥)) --> ⊥) --> ⊥) --> (Box((y --> ⊥)) --> ⊥))),28
11,Box(Box((Diamond((Diamond(q) <-> (w --> r))) --> ⊥))),Box(Box(((Box((((((Box((q --> ⊥)) --> ⊥) --> (w --> r)) --> (((w --> r) --> (Box((q --> ⊥)) --> ⊥)) --> ⊥)) --> ⊥) --> ⊥)) --> ⊥) --> ⊥))),34
11,Box(((s <-> Diamond(w)) && ((u && w) <-> ⊥))),Box((((((s --> (Box((w --> ⊥)) --> ⊥)) --> (((Box((w --> ⊥)) --> ⊥) --> s) --> ⊥)) --> ⊥) --> ((((((u --> (w --> ⊥)) --> ⊥) --> ⊥) --> ((⊥ --> ((u --> (w --> ⊥)) --> ⊥)) --> ⊥)) --> ⊥) --> ⊥)) --> ⊥)),50
11,Box(((p && w) || Box(!(Diamond((t --> r)))))),Box(((((p --> (w --> ⊥)) --> ⊥) --> ⊥) --> Box(((Box(((t --> r) --> ⊥)) --> ⊥) --> ⊥)))),22
11,Box((!(!(!(!((r --> ⊥))))) <-> Diamond(y))),Box(((((((((r --> ⊥) --> ⊥) --> ⊥) --> ⊥) --> ⊥) --> (Box((y --> ⊥)) --> ⊥)) --> (((Box((y --> ⊥)) --> ⊥) --> (((((r --> ⊥) --> ⊥) --> ⊥) --> ⊥) --> ⊥)) --> ⊥)) --> ⊥)),42
11,(t <-> (w && Box((Diamond(Box(v)) --> Diamond(s))))),(((t --> ((w --> (Box(((Box((Box(v) --> ⊥)) --> ⊥) --> (Box((s --> ⊥)) --> ⊥))) --> ⊥)) --> ⊥)) --> ((((w --> (Box(((Box((Box(v) --> ⊥)) --> ⊥) --> (Box((s --> ⊥)) --> ⊥))) --> ⊥)) --> ⊥) --> t) --> ⊥)) --> ⊥),51
11,((p && p) || ((u --> v) <-> (z <-> p))),((((p --> (p --> ⊥)) --> ⊥) --> ⊥) --> ((((u --> v) --> (((z --> p) --> ((p --> z) --> ⊥)) --> ⊥)) --> (((((z --> p) --> ((p --> z) --> ⊥)) --> ⊥) --> (u --> v)) --> ⊥)) --> ⊥)),45
11,!(((⊥ --> (w <-> Box(r))) && (r <-> z))),((((⊥ --> (((w --> Box(r)) --> ((Box(r) --> w) --> ⊥)) --> ⊥)) --> ((((r --> z) --> ((z --> r) --> ⊥)) --> ⊥) --> ⊥)) --> ⊥) --> ⊥),33
11,((w <-> !(Box((x <-> w)))) --> Diamond(Diamond(z))),((((w --> (Box((((x --> w) --> ((w --> x) --> ⊥)) --> ⊥)) --> ⊥)) --> (((Box((((x --> w) --> ((w --> x) --> ⊥)) --> ⊥)) --> ⊥) --> w) --> ⊥)) --> ⊥) --> (Box(((Box((z --> ⊥)) --> ⊥) --> ⊥)) --> ⊥)),49
11,(!(Box(w)) || Box((Diamond((v && p)) <-> ⊥))),(((Box(w) --> ⊥) --> ⊥) --> Box(((((Box((((v --> (p --> ⊥)) --> ⊥) --> ⊥)) --> ⊥) --> ⊥) --> ((⊥ --> (Box((((v --> (p --> ⊥)) --> ⊥) --> ⊥)) --> ⊥)) --> ⊥)) --> ⊥))),41
11,!((Diamond(r) <-> Diamond(Box(!(Box(Box(Diamond(⊥)))))))),(((((Box((r --> ⊥)) --> ⊥) --> (Box((Box((Box(Box((Box((⊥ --> ⊥)) --> ⊥))) --> ⊥)) --> ⊥)) --> ⊥)) --> (((Box((Box((Box(Box((Box((⊥ --> ⊥)) --> ⊥))) --> ⊥)) --> ⊥)) --> ⊥) --> (Box((r --> ⊥)) --> ⊥)) --> ⊥)) --> ⊥) --> ⊥),53
11,Box((!(Diamond((⊥ && Box(u)))) <-> (r && v))),Box((((((Box((((⊥ --> (Box(u) --> ⊥)) --> ⊥) --> ⊥)) --> ⊥) --> ⊥) --> ((r --> (v --> ⊥)) --> ⊥)) --> ((((r --> (v --> ⊥)) --> ⊥) --> ((Box((((⊥ --> (Box(u) --> ⊥)) --> ⊥) --> ⊥)) --> ⊥) --> ⊥)) --> ⊥)) --> ⊥)),52
11,!(((q <-> x) --> Diamond(((z && r) <-> ⊥)))),(((((q --> x) --> ((x --> q) --> ⊥)) --> ⊥) --> (Box(((((((z --> (r --> ⊥)) --> ⊥) --> ⊥) --> ((⊥ --> ((z --> (r --> ⊥)) --> ⊥)) --> ⊥)) --> ⊥) --> ⊥)) --> ⊥)) --> ⊥),42
11,(!((!(p) --> Diamond((y || v)))) <-> Diamond(p)),((((((p --> ⊥) --> (Box((((y --> ⊥) --> v) --> ⊥)) --> ⊥)) --> ⊥) --> (Box((p --> ⊥)) --> ⊥)) --> (((Box((p --> ⊥)) --> ⊥) --> (((p --> ⊥) --> (Box((((y --> ⊥) --> v) --> ⊥)) --> ⊥)) --> ⊥)) --> ⊥)) --> ⊥),51
11,((!(Diamond(v)) --> Diamond(t)) || (v <-> Diamond(s))),(((((Box((v --> ⊥)) --> ⊥) --> ⊥) --> (Box((t --> ⊥)) --> ⊥)) --> ⊥) --> (((v --> (Box((s --> ⊥)) --> ⊥)) --> (((Box((s --> ⊥)) --> ⊥) --> v) --> ⊥)) --> ⊥)),39
11,(Diamond(!(v)) --> (Box((w && w)) <-> Diamond(p))),((Box(((v --> ⊥) --> ⊥)) --> ⊥) --> (((Box(((w --> (w --> ⊥)) --> ⊥)) --> (Box((p --> ⊥)) --> ⊥)) --> (((Box((p --> ⊥)) --> ⊥) --> Box(((w --> (w --> ⊥)) --> ⊥))) --> ⊥)) --> ⊥)),44
11,((Box(!(t)) && r) <-> !((Box(⊥) && x))),(((((Box((t --> ⊥)) --> (r --> ⊥)) --> ⊥) --> (((Box(⊥) --> (x --> ⊥)) --> ⊥) --> ⊥)) --> (((((Box(⊥) --> (x --> ⊥)) --> ⊥) --> ⊥) --> ((Box((t --> ⊥)) --> (r --> ⊥)) --> ⊥)) --> ⊥)) --> ⊥),47
11,((⊥ <-> !(r)) --> (s || (⊥ && Box(q)))),((((⊥ --> (r --> ⊥)) --> (((r --> ⊥) --> ⊥) --> ⊥)) --> ⊥) --> ((s --> ⊥) --> ((⊥ --> (Box(q) --> ⊥)) --> ⊥))),28
11,((⊥ || s) || (!(Box(q)) <-> Diamond(!(s)))),((((⊥ --> ⊥) --> s) --> ⊥) --> ((((Box(q) --> ⊥) --> (Box(((s --> ⊥) --> ⊥)) --> ⊥)) --> (((Box(((s --> ⊥) --> ⊥)) --> ⊥) --> (Box(q) --> ⊥)) --> ⊥)) --> ⊥)),39
11,((w || s) && (z <-> (⊥ || (v <-> ⊥)))),((((w --> ⊥) --> s) --> ((((z --> ((⊥ --> ⊥) --> (((v --> ⊥) --> ((⊥ --> v) --> ⊥)) --> ⊥))) --> ((((⊥ --> ⊥) --> (((v --> ⊥) --> ((⊥ --> v) --> ⊥)) --> ⊥)) --> z) --> ⊥)) --> ⊥) --> ⊥)) --> ⊥),49
11,((!((Box(s) <-> s)) && Diamond(x)) || Diamond(⊥)),((((((((Box(s) --> s) --> ((s --> Box(s)) --> ⊥)) --> ⊥) --> ⊥) --> ((Box((x --> ⊥)) --> ⊥) --> ⊥)) --> ⊥) --> ⊥) --> (Box((⊥ --> ⊥)) --> ⊥)),35
11,((⊥ <-> t) --> ((t --> (p --> w)) <-> w)),((((⊥ --> t) --> ((t --> ⊥) --> ⊥)) --> ⊥) --> ((((t --> (p --> w)) --> w) --> ((w --> (t --> (p --> w))) --> ⊥)) --> ⊥)),31
11,(!(Box(t)) <-> (⊥ && Box(Box((w || y))))),((((Box(t) --> ⊥) --> ((⊥ --> (Box(Box(((w --> ⊥) --> y))) --> ⊥)) --> ⊥)) --> ((((⊥ --> (Box(Box(((w --> ⊥) --> y))) --> ⊥)) --> ⊥) --> (Box(t) --> ⊥)) --> ⊥)) --> ⊥),41
11,!(!(((y <-> Box(u)) --> (s && !(⊥))))),((((((y --> Box(u)) --> ((Box(u) --> y) --> ⊥)) --> ⊥) --> ((s --> ((⊥ --> ⊥) --> ⊥)) --> ⊥)) --> ⊥) --> ⊥),27
11,((t || !(v)) --> !((!(p) <-> !(x)))),(((t --> ⊥) --> (v --> ⊥)) --> (((((p --> ⊥) --> (x --> ⊥)) --> (((x --> ⊥) --> (p --> ⊥)) --> ⊥)) --> ⊥) --> ⊥)),29
11,(y && (Box((x || t)) || Diamond((v && t)))),((y --> (((Box(((x --> ⊥) --> t)) --> ⊥) --> (Box((((v --> (t --> ⊥)) --> ⊥) --> ⊥)) --> ⊥)) --> ⊥)) --> ⊥),27
11,(!(Box(s)) --> ((p <-> w) || Box(Diamond(v)))),((Box(s) --> ⊥) --> (((((p --> w) --> ((w --> p) --> ⊥)) --> ⊥) --> ⊥) --> Box((Box((v --> ⊥)) --> ⊥)))),26
11,(q --> Box(Box((Box(Diamond(q)) || (r || q))))),(q --> Box(Box(((Box((Box((q --> ⊥)) --> ⊥)) --> ⊥) --> ((r --> ⊥) --> q))))),19
11,!(Diamond((Box(s) || (x || (r && !(y)))))),((Box((((Box(s) --> ⊥) --> ((x --> ⊥) --> ((r --> ((y --> ⊥) --> ⊥)) --> ⊥))) --> ⊥)) --> ⊥) --> ⊥),25
11,(!(Box(Box((Diamond(y) && Diamond(!(⊥)))))) --> y),((Box(Box((((Box((y --> ⊥)) --> ⊥) --> ((Box(((⊥ --> ⊥) --> ⊥)) --> ⊥) --> ⊥)) --> ⊥))) --> ⊥) --> y),25
11,(Diamond(v) || !(!((⊥ || Box(Diamond(!(v))))))),(((Box((v --> ⊥)) --> ⊥) --> ⊥) --> ((((⊥ --> ⊥) --> Box((Box(((v --> ⊥) --> ⊥)) --> ⊥))) --> ⊥) --> ⊥)),26
11,Box((Diamond((⊥ && r)) || (!(t) && Diamond(p)))),Box((((Box((((⊥ --> (r --> ⊥)) --> ⊥) --> ⊥)) --> ⊥) --> ⊥) --> (((t --> ⊥) --> ((Box((p --> ⊥)) --> ⊥) --> ⊥)) --> ⊥))),30
11,((v || !(y)) || Box((Diamond(r) --> !(z)))),((((v --> ⊥) --> (y --> ⊥)) --> ⊥) --> Box(((Box((r --> ⊥)) --> ⊥) --> (z --> ⊥)))),21
11,((!(x) || (t || (Box(y) && ⊥))) && ⊥),(((((x --> ⊥) --> ⊥) --> ((t --> ⊥) --> ((Box(y) --> (⊥ --> ⊥)) --> ⊥))) --> (⊥ --> ⊥)) --> ⊥),24
11,(Diamond(((q && z) <-> v)) || (z && !(s))),(((Box(((((((q --> (z --> ⊥)) --> ⊥) --> v) --> ((v --> ((q --> (z --> ⊥)) --> ⊥)) --> ⊥)) --> ⊥) --> ⊥)) --> ⊥) --> ⊥) --> ((z --> ((s --> ⊥) --> ⊥)) --> ⊥)),40
11,!((!(((s --> y) && !(s))) && !(⊥))),(((((((s --> y) --> ((s --> ⊥) --> ⊥)) --> ⊥) --> ⊥) --> ((⊥ --> ⊥) --> ⊥)) --> ⊥) --> ⊥),23
11,((w <-> x) && Diamond(Diamond(Diamond((Diamond(⊥) --> x))))),(((((w --> x) --> ((x --> w) --> ⊥)) --> ⊥) --> ((Box(((Box(((Box((((Box((⊥ --> ⊥)) --> ⊥) --> x) --> ⊥)) --> ⊥) --> ⊥)) --> ⊥) --> ⊥)) --> ⊥) --> ⊥)) --> ⊥),39
11,((r --> (u && Box(!(s)))) && (v && w)),(((r --> ((u --> (Box((s --> ⊥)) --> ⊥)) --> ⊥)) --> (((v --> (w --> ⊥)) --> ⊥) --> ⊥)) --> ⊥),24
11,(Diamond((!((z --> ⊥)) && u)) --> (p --> v)),((Box((((((z --> ⊥) --> ⊥) --> (u --> ⊥)) --> ⊥) --> ⊥)) --> ⊥) --> (p --> v)),20
11,!((((Box(p) || p) && ⊥) --> Diamond(!(u)))),((((((Box(p) --> ⊥) --> p) --> (⊥ --> ⊥)) --> ⊥) --> (Box(((u --> ⊥) --> ⊥)) --> ⊥)) --> ⊥),23
11,((t && Diamond(((v && ⊥) --> t))) && Box(w)),((((t --> ((Box(((((v --> (⊥ --> ⊥)) --> ⊥) --> t) --> ⊥)) --> ⊥) --> ⊥)) --> ⊥) --> (Box(w) --> ⊥)) --> ⊥),27
11,((u && q) || !(Box(Diamond((⊥ <-> Diamond(⊥)))))),((((u --> (q --> ⊥)) --> ⊥) --> ⊥) --> (Box((Box(((((⊥ --> (Box((⊥ --> ⊥)) --> ⊥)) --> (((Box((⊥ --> ⊥)) --> ⊥) --> ⊥) --> ⊥)) --> ⊥) --> ⊥)) --> ⊥)) --> ⊥)),39
11,((⊥ || y) && ((Box(t) --> w) && Diamond(u))),((((⊥ --> ⊥) --> y) --> ((((Box(t) --> w) --> ((Box((u --> ⊥)) --> ⊥) --> ⊥)) --> ⊥) --> ⊥)) --> ⊥),25
11,((Diamond((!(s) || !(x))) && Box(s)) && t),(((((Box(((((s --> ⊥) --> ⊥) --> (x --> ⊥)) --> ⊥)) --> ⊥) --> (Box(s) --> ⊥)) --> ⊥) --> (t --> ⊥)) --> ⊥),27
11,(((!(s) --> ⊥) --> Box(s)) || Diamond(!(z))),(((((s --> ⊥) --> ⊥) --> Box(s)) --> ⊥) --> (Box(((z --> ⊥) --> ⊥)) --> ⊥)),19
11,!(((p --> (x && ⊥)) || (!(⊥) || ⊥))),((((p --> ((x --> (⊥ --> ⊥)) --> ⊥)) --> ⊥) --> (((⊥ --> ⊥) --> ⊥) --> ⊥)) --> ⊥),21
11,Box((((Box(w) || v) || w) --> Diamond(Diamond(t)))),Box((((((Box(w) --> ⊥) --> v) --> ⊥) --> w) --> (Box(((Box((t --> ⊥)) --> ⊥) --> ⊥)) --> ⊥))),23
11,(Diamond(((Box(y) && q) --> ⊥)) && (⊥ || ⊥)),(((Box(((((Box(y) --> (q --> ⊥)) --> ⊥) --> ⊥) --> ⊥)) --> ⊥) --> (((⊥ --> ⊥) --> ⊥) --> ⊥)) --> ⊥),25
11,(Diamond(Diamond(Box((p && x)))) && Box(!(Box(p)))),(((Box(((Box((Box(((p --> (x --> ⊥)) --> ⊥)) --> ⊥)) --> ⊥) --> ⊥)) --> ⊥) --> (Box((Box(p) --> ⊥)) --> ⊥)) --> ⊥),28
11,((!(p) --> (Diamond(y) <-> q)) --> Diamond(!(z))),(((p --> ⊥) --> ((((Box((y --> ⊥)) --> ⊥) --> q) --> ((q --> (Box((y --> ⊥)) --> ⊥)) --> ⊥)) --> ⊥)) --> (Box(((z --> ⊥) --> ⊥)) --> ⊥)),34
11,Box(Box(Diamond((p && ((⊥ && ⊥) || Diamond(r)))))),Box(Box((Box((((p --> (((((⊥ --> (⊥ --> ⊥)) --> ⊥) --> ⊥) --> (Box((r --> ⊥)) --> ⊥)) --> ⊥)) --> ⊥) --> ⊥)) --> ⊥))),29
11,(Diamond(Box((y && p))) || Diamond((Box(x) <-> r))),(((Box((Box(((y --> (p --> ⊥)) --> ⊥)) --> ⊥)) --> ⊥) --> ⊥) --> (Box(((((Box(x) --> r) --> ((r --> Box(x)) --> ⊥)) --> ⊥) --> ⊥)) --> ⊥)),34
11,!((Box((q <-> Box((v && Diamond(w))))) || ⊥)),(((Box((((q --> Box(((v --> ((Box((w --> ⊥)) --> ⊥) --> ⊥)) --> ⊥))) --> ((Box(((v --> ((Box((w --> ⊥)) --> ⊥) --> ⊥)) --> ⊥)) --> q) --> ⊥)) --> ⊥)) --> ⊥) --> ⊥) --> ⊥),42
11,Diamond(((Diamond(⊥) && Box(Diamond((u && w)))) <-> p)),(Box((((((((Box((⊥ --> ⊥)) --> ⊥) --> (Box((Box((((u --> (w --> ⊥)) --> ⊥) --> ⊥)) --> ⊥)) --> ⊥)) --> ⊥) --> p) --> ((p --> (((Box((⊥ --> ⊥)) --> ⊥) --> (Box((Box((((u --> (w --> ⊥)) --> ⊥) --> ⊥)) --> ⊥)) --> ⊥)) --> ⊥)) --> ⊥)) --> ⊥) --> ⊥)) --> ⊥),62
11,!((⊥ --> Box((((z && ⊥) || z) <-> x)))),((⊥ --> Box((((((((z --> (⊥ --> ⊥)) --> ⊥) --> ⊥) --> z) --> x) --> ((x --> ((((z --> (⊥ --> ⊥)) --> ⊥) --> ⊥) --> z)) --> ⊥)) --> ⊥))) --> ⊥),36
11,Diamond((Box(p) || (s && (Box(v) --> Diamond(z))))),(Box((((Box(p) --> ⊥) --> ((s --> ((Box(v) --> (Box((z --> ⊥)) --> ⊥)) --> ⊥)) --> ⊥)) --> ⊥)) --> ⊥),25
11,Diamond(((Diamond(Diamond(x)) && Diamond((z --> w))) <-> ⊥)),(Box((((((((Box(((Box((x --> ⊥)) --> ⊥) --> ⊥)) --> ⊥) --> ((Box(((z --> w) --> ⊥)) --> ⊥) --> ⊥)) --> ⊥) --> ⊥) --> ((⊥ --> (((Box(((Box((x --> ⊥)) --> ⊥) --> ⊥)) --> ⊥) --> ((Box(((z --> w) --> ⊥)) --> ⊥) --> ⊥)) --> ⊥)) --> ⊥)) --> ⊥) --> ⊥)) --> ⊥),62
11,Diamond((((w && ⊥) --> (⊥ || z)) <-> !(t))),(Box((((((((w --> (⊥ --> ⊥)) --> ⊥) --> ((⊥ --> ⊥) --> z)) --> (t --> ⊥)) --> (((t --> ⊥) --> (((w --> (⊥ --> ⊥)) --> ⊥) --> ((⊥ --> ⊥) --> z))) --> ⊥)) --> ⊥) --> ⊥)) --> ⊥),44
11,!(Box(Diamond((⊥ || (!(x) && Diamond(Diamond(t))))))),(Box((Box((((⊥ --> ⊥) --> (((x --> ⊥) --> ((Box(((Box((t --> ⊥)) --> ⊥) --> ⊥)) --> ⊥) --> ⊥)) --> ⊥)) --> ⊥)) --> ⊥)) --> ⊥),31
11,Diamond((Diamond(Diamond((Diamond(⊥) && Diamond(⊥)))) <-> Diamond(w))),(Box((((((Box(((Box(((((Box((⊥ --> ⊥)) --> ⊥) --> ((Box((⊥ --> ⊥)) --> ⊥) --> ⊥)) --> ⊥) --> ⊥)) --> ⊥) --> ⊥)) --> ⊥) --> (Box((w --> ⊥)) --> ⊥)) --> (((Box((w --> ⊥)) --> ⊥) --> (Box(((Box(((((Box((⊥ --> ⊥)) --> ⊥) --> ((Box((⊥ --> ⊥)) --> ⊥) --> ⊥)) --> ⊥) --> ⊥)) --> ⊥) --> ⊥)) --> ⊥)) --> ⊥)) --> ⊥) --> ⊥)) --> ⊥),78
11,Diamond(Box(!((w && ((⊥ && r) <-> !(v)))))),(Box((Box((((w --> ((((((⊥ --> (r --> ⊥)) --> ⊥) --> (v --> ⊥)) --> (((v --> ⊥) --> ((⊥ --> (r --> ⊥)) --> ⊥)) --> ⊥)) --> ⊥) --> ⊥)) --> ⊥) --> ⊥)) --> ⊥)) --> ⊥),41
11,Diamond(((⊥ && Diamond(⊥)) && (p --> !(Diamond(p))))),(Box((((((⊥ --> ((Box((⊥ --> ⊥)) --> ⊥) --> ⊥)) --> ⊥) --> ((p --> ((Box((p --> ⊥)) --> ⊥) --> ⊥)) --> ⊥)) --> ⊥) --> ⊥)) --> ⊥),32
11,Diamond(Diamond(Box(((Box(u) || y) && (v && ⊥))))),(Box(((Box((Box(((((Box(u) --> ⊥) --> y) --> (((v --> (⊥ --> ⊥)) --> ⊥) --> ⊥)) --> ⊥)) --> ⊥)) --> ⊥) --> ⊥)) --> ⊥),29
11,Diamond(Diamond((Diamond(Diamond(!(⊥))) || (t && Diamond(z))))),(Box(((Box(((((Box(((Box(((⊥ --> ⊥) --> ⊥)) --> ⊥) --> ⊥)) --> ⊥) --> ⊥) --> ((t --> ((Box((z --> ⊥)) --> ⊥) --> ⊥)) --> ⊥)) --> ⊥)) --> ⊥) --> ⊥)) --> ⊥),38
11,Diamond(((!((q && ⊥)) <-> Diamond(r)) || !(y))),(Box((((((((((q --> (⊥ --> ⊥)) --> ⊥) --> ⊥) --> (Box((r --> ⊥)) --> ⊥)) --> (((Box((r --> ⊥)) --> ⊥) --> (((q --> (⊥ --> ⊥)) --> ⊥) --> ⊥)) --> ⊥)) --> ⊥) --> ⊥) --> (y --> ⊥)) --> ⊥)) --> ⊥),48
11,Diamond((!(s) && Diamond((Diamond((r <-> t)) || w)))),(Box(((((s --> ⊥) --> ((Box(((((Box(((((r --> t) --> ((t --> r) --> ⊥)) --> ⊥) --> ⊥)) --> ⊥) --> ⊥) --> w) --> ⊥)) --> ⊥) --> ⊥)) --> ⊥) --> ⊥)) --> ⊥),38
11,Diamond((z || Box((Box((!(p) <-> r)) || p)))),(Box((((z --> ⊥) --> Box(((Box(((((p --> ⊥) --> r) --> ((r --> (p --> ⊥)) --> ⊥)) --> ⊥)) --> ⊥) --> p))) --> ⊥)) --> ⊥),30
11,Diamond(!(Diamond(Box((!(⊥) || (w <-> Diamond(⊥))))))),(Box((((Box((Box((((⊥ --> ⊥) --> ⊥) --> (((w --> (Box((⊥ --> ⊥)) --> ⊥)) --> (((Box((⊥ --> ⊥)) --> ⊥) --> w) --> ⊥)) --> ⊥))) --> ⊥)) --> ⊥) --> ⊥) --> ⊥)) --> ⊥),40
11,!(Box((!((z && ⊥)) --> (p <-> Diamond(s))))),(Box(((((z --> (⊥ --> ⊥)) --> ⊥) --> ⊥) --> (((p --> (Box((s --> ⊥)) --> ⊥)) --> (((Box((s --> ⊥)) --> ⊥) --> p) --> ⊥)) --> ⊥))) --> ⊥),34
11,Diamond(((((⊥ || y) <-> t) || Box(t)) --> v)),(Box((((((((((⊥ --> ⊥) --> y) --> t) --> ((t --> ((⊥ --> ⊥) --> y)) --> ⊥)) --> ⊥) --> ⊥) --> Box(t)) --> v) --> ⊥)) --> ⊥),31
11,Diamond(Diamond((!(u) --> (Diamond(u) && (u || p))))),(Box(((Box((((u --> ⊥) --> (((Box((u --> ⊥)) --> ⊥) --> (((u --> ⊥) --> p) --> ⊥)) --> ⊥)) --> ⊥)) --> ⊥) --> ⊥)) --> ⊥),30
11,Diamond(Diamond((u || !((u || Box((z || z))))))),(Box(((Box((((u --> ⊥) --> (((u --> ⊥) --> Box(((z --> ⊥) --> z))) --> ⊥)) --> ⊥)) --> ⊥) --> ⊥)) --> ⊥),26
11,Diamond(((q && Diamond(x)) || (Box(Box(r)) || p))),(Box((((((q --> ((Box((x --> ⊥)) --> ⊥) --> ⊥)) --> ⊥) --> ⊥) --> ((Box(Box(r)) --> ⊥) --> p)) --> ⊥)) --> ⊥),27
11,Diamond((!(!(Box(!(Box(y))))) || (t <-> u))),(Box((((((Box((Box(y) --> ⊥)) --> ⊥) --> ⊥) --> ⊥) --> (((t --> u) --> ((u --> t) --> ⊥)) --> ⊥)) --> ⊥)) --> ⊥),28
11,!(Box((Diamond(z) && ((⊥ || z) || !(v))))),(Box((((Box((z --> ⊥)) --> ⊥) --> (((((⊥ --> ⊥) --> z) --> ⊥) --> (v --> ⊥)) --> ⊥)) --> ⊥)) --> ⊥),25
11,Diamond(((!(x) || p) || (v --> (x --> w)))),(Box(((((((x --> ⊥) --> ⊥) --> p) --> ⊥) --> (v --> (x --> w))) --> ⊥)) --> ⊥),20
11,,,-1
11,,,-1
11,,,-1
12,!(((w && (!(s) <-> !(⊥))) <-> (⊥ || w))),((((((w --> (((((s --> ⊥) --> (⊥ --> ⊥)) --> (((⊥ --> ⊥) --> (s --> ⊥)) --> ⊥)) --> ⊥) --> ⊥)) --> ⊥) --> ((⊥ --> ⊥) --> w)) --> ((((⊥ --> ⊥) --> w) --> ((w --> (((((s --> ⊥) --> (⊥ --> ⊥)) --> (((⊥ --> ⊥) --> (s --> ⊥)) --> ⊥)) --> ⊥) --> ⊥)) --> ⊥)) --> ⊥)) --> ⊥) --> ⊥),69
12,((!(w) <-> Diamond(w)) <-> (Diamond((p && z)) || p)),(((((((w --> ⊥) --> (Box((w --> ⊥)) --> ⊥)) --> (((Box((w --> ⊥)) --> ⊥) --> (w --> ⊥)) --> ⊥)) --> ⊥) --> (((Box((((p --> (z --> ⊥)) --> ⊥) --> ⊥)) --> ⊥) --> ⊥) --> p)) --> (((((Box((((p --> (z --> ⊥)) --> ⊥) --> ⊥)) --> ⊥) --> ⊥) --> p) --> ((((w --> ⊥) --> (Box((w --> ⊥)) --> ⊥)) --> (((Box((w --> ⊥)) --> ⊥) --> (w --> ⊥)) --> ⊥)) --> ⊥)) --> ⊥)) --> ⊥),89
12,(((v <-> ⊥) --> x) <-> (q <-> Box(Diamond(!(⊥))))),(((((((v --> ⊥) --> ((⊥ --> v) --> ⊥)) --> ⊥) --> x) --> (((q --> Box((Box(((⊥ --> ⊥) --> ⊥)) --> ⊥))) --> ((Box((Box(((⊥ --> ⊥) --> ⊥)) --> ⊥)) --> q) --> ⊥)) --> ⊥)) --> (((((q --> Box((Box(((⊥ --> ⊥) --> ⊥)) --> ⊥))) --> ((Box((Box(((⊥ --> ⊥) --> ⊥)) --> ⊥)) --> q) --> ⊥)) --> ⊥) --> ((((v --> ⊥) --> ((⊥ --> v) --> ⊥)) --> ⊥) --> x)) --> ⊥)) --> ⊥),87
12,(((u || Box(r)) <-> (u && q)) --> (v <-> y)),((((((u --> ⊥) --> Box(r)) --> ((u --> (q --> ⊥)) --> ⊥)) --> ((((u --> (q --> ⊥)) --> ⊥) --> ((u --> ⊥) --> Box(r))) --> ⊥)) --> ⊥) --> (((v --> y) --> ((y --> v) --> ⊥)) --> ⊥)),45
12,((Diamond(r) && y) --> (!(x) <-> (y <-> Diamond(v)))),((((Box((r --> ⊥)) --> ⊥) --> (y --> ⊥)) --> ⊥) --> ((((x --> ⊥) --> (((y --> (Box((v --> ⊥)) --> ⊥)) --> (((Box((v --> ⊥)) --> ⊥) --> y) --> ⊥)) --> ⊥)) --> (((((y --> (Box((v --> ⊥)) --> ⊥)) --> (((Box((v --> ⊥)) --> ⊥) --> y) --> ⊥)) --> ⊥) --> (x --> ⊥)) --> ⊥)) --> ⊥)),68
12,(Diamond(Box(y)) <-> Diamond(((q || p) && (x || s)))),((((Box((Box(y) --> ⊥)) --> ⊥) --> (Box((((((q --> ⊥) --> p) --> (((x --> ⊥) --> s) --> ⊥)) --> ⊥) --> ⊥)) --> ⊥)) --> (((Box((((((q --> ⊥) --> p) --> (((x --> ⊥) --> s) --> ⊥)) --> ⊥) --> ⊥)) --> ⊥) --> (Box((Box(y) --> ⊥)) --> ⊥)) --> ⊥)) --> ⊥),61
12,!((p --> (Box(((Diamond(q) && u) <-> x)) --> t))),((p --> (Box(((((((Box((q --> ⊥)) --> ⊥) --> (u --> ⊥)) --> ⊥) --> x) --> ((x --> (((Box((q --> ⊥)) --> ⊥) --> (u --> ⊥)) --> ⊥)) --> ⊥)) --> ⊥)) --> t)) --> ⊥),40
12,(w && ((q --> t) <-> (Diamond(q) <-> !(Box(r))))),((w --> (((((q --> t) --> ((((Box((q --> ⊥)) --> ⊥) --> (Box(r) --> ⊥)) --> (((Box(r) --> ⊥) --> (Box((q --> ⊥)) --> ⊥)) --> ⊥)) --> ⊥)) --> ((((((Box((q --> ⊥)) --> ⊥) --> (Box(r) --> ⊥)) --> (((Box(r) --> ⊥) --> (Box((q --> ⊥)) --> ⊥)) --> ⊥)) --> ⊥) --> (q --> t)) --> ⊥)) --> ⊥) --> ⊥)) --> ⊥),73
12,((s && Box(Box(s))) <-> !(Diamond(Diamond(!(!(r)))))),(((((s --> (Box(Box(s)) --> ⊥)) --> ⊥) --> ((Box(((Box((((r --> ⊥) --> ⊥) --> ⊥)) --> ⊥) --> ⊥)) --> ⊥) --> ⊥)) --> ((((Box(((Box((((r --> ⊥) --> ⊥) --> ⊥)) --> ⊥) --> ⊥)) --> ⊥) --> ⊥) --> ((s --> (Box(Box(s)) --> ⊥)) --> ⊥)) --> ⊥)) --> ⊥),59
12,(((t <-> ⊥) || ((z && y) || q)) <-> !(r)),((((((((t --> ⊥) --> ((⊥ --> t) --> ⊥)) --> ⊥) --> ⊥) --> ((((z --> (y --> ⊥)) --> ⊥) --> ⊥) --> q)) --> (r --> ⊥)) --> (((r --> ⊥) --> (((((t --> ⊥) --> ((⊥ --> t) --> ⊥)) --> ⊥) --> ⊥) --> ((((z --> (y --> ⊥)) --> ⊥) --> ⊥) --> q))) --> ⊥)) --> ⊥),63
12,!((Diamond(!(Diamond((x --> Diamond(z))))) <-> Diamond(Diamond(s)))),(((((Box((((Box(((x --> (Box((z --> ⊥)) --> ⊥)) --> ⊥)) --> ⊥) --> ⊥) --> ⊥)) --> ⊥) --> (Box(((Box((s --> ⊥)) --> ⊥) --> ⊥)) --> ⊥)) --> (((Box(((Box((s --> ⊥)) --> ⊥) --> ⊥)) --> ⊥) --> (Box((((Box(((x --> (Box((z --> ⊥)) --> ⊥)) --> ⊥)) --> ⊥) --> ⊥) --> ⊥)) --> ⊥)) --> ⊥)) --> ⊥) --> ⊥),71
12,((y <-> (Diamond(u) && Box(t))) --> (Box(y) && z)),((((y --> (((Box((u --> ⊥)) --> ⊥) --> (Box(t) --> ⊥)) --> ⊥)) --> (((((Box((u --> ⊥)) --> ⊥) --> (Box(t) --> ⊥)) --> ⊥) --> y) --> ⊥)) --> ⊥) --> ((Box(y) --> (z --> ⊥)) --> ⊥)),44
12,Box(((s --> !(v)) --> ((s <-> q) <-> Diamond(u)))),Box(((s --> (v --> ⊥)) --> ((((((s --> q) --> ((q --> s) --> ⊥)) --> ⊥) --> (Box((u --> ⊥)) --> ⊥)) --> (((Box((u --> ⊥)) --> ⊥) --> (((s --> q) --> ((q --> s) --> ⊥)) --> ⊥)) --> ⊥)) --> ⊥))),48
12,((y <-> (Box((Box(x) --> !(s))) || ⊥)) <-> y),((((((y --> ((Box((Box(x) --> (s --> ⊥))) --> ⊥) --> ⊥)) --> ((((Box((Box(x) --> (s --> ⊥))) --> ⊥) --> ⊥) --> y) --> ⊥)) --> ⊥) --> y) --> ((y --> (((y --> ((Box((Box(x) --> (s --> ⊥))) --> ⊥) --> ⊥)) --> ((((Box((Box(x) --> (s --> ⊥))) --> ⊥) --> ⊥) --> y) --> ⊥)) --> ⊥)) --> ⊥)) --> ⊥),71
12,((z --> (Box(w) <-> z)) <-> (!(!(u)) || x)),((((z --> (((Box(w) --> z) --> ((z --> Box(w)) --> ⊥)) --> ⊥)) --> ((((u --> ⊥) --> ⊥) --> ⊥) --> x)) --> ((((((u --> ⊥) --> ⊥) --> ⊥) --> x) --> (z --> (((Box(w) --> z) --> ((z --> Box(w)) --> ⊥)) --> ⊥))) --> ⊥)) --> ⊥),55
12,(Diamond((t || !(w))) <-> (Diamond((⊥ && ⊥)) || z)),((((Box((((t --> ⊥) --> (w --> ⊥)) --> ⊥)) --> ⊥) --> (((Box((((⊥ --> (⊥ --> ⊥)) --> ⊥) --> ⊥)) --> ⊥) --> ⊥) --> z)) --> (((((Box((((⊥ --> (⊥ --> ⊥)) --> ⊥) --> ⊥)) --> ⊥) --> ⊥) --> z) --> (Box((((t --> ⊥) --> (w --> ⊥)) --> ⊥)) --> ⊥)) --> ⊥)) --> ⊥),63
12,((Diamond((!((x && Box(x))) || w)) || z) <-> v),((((((Box(((((((x --> (Box(x) --> ⊥)) --> ⊥) --> ⊥) --> ⊥) --> w) --> ⊥)) --> ⊥) --> ⊥) --> z) --> v) --> ((v --> (((Box(((((((x --> (Box(x) --> ⊥)) --> ⊥) --> ⊥) --> ⊥) --> w) --> ⊥)) --> ⊥) --> ⊥) --> z)) --> ⊥)) --> ⊥),55
12,!(((!(x) <-> (Diamond(Box(⊥)) || s)) || Diamond(t))),(((((((x --> ⊥) --> (((Box((Box(⊥) --> ⊥)) --> ⊥) --> ⊥) --> s)) --> (((((Box((Box(⊥) --> ⊥)) --> ⊥) --> ⊥) --> s) --> (x --> ⊥)) --> ⊥)) --> ⊥) --> ⊥) --> (Box((t --> ⊥)) --> ⊥)) --> ⊥),46
12,(r && (Box(Diamond(x)) <-> (Diamond(Diamond(t)) && Box(x)))),((r --> ((((Box((Box((x --> ⊥)) --> ⊥)) --> (((Box(((Box((t --> ⊥)) --> ⊥) --> ⊥)) --> ⊥) --> (Box(x) --> ⊥)) --> ⊥)) --> (((((Box(((Box((t --> ⊥)) --> ⊥) --> ⊥)) --> ⊥) --> (Box(x) --> ⊥)) --> ⊥) --> Box((Box((x --> ⊥)) --> ⊥))) --> ⊥)) --> ⊥) --> ⊥)) --> ⊥),63
12,((Box(⊥) <-> u) || Diamond(((w <-> z) <-> Diamond(t)))),(((((Box(⊥) --> u) --> ((u --> Box(⊥)) --> ⊥)) --> ⊥) --> ⊥) --> (Box((((((((w --> z) --> ((z --> w) --> ⊥)) --> ⊥) --> (Box((t --> ⊥)) --> ⊥)) --> (((Box((t --> ⊥)) --> ⊥) --> (((w --> z) --> ((z --> w) --> ⊥)) --> ⊥)) --> ⊥)) --> ⊥) --> ⊥)) --> ⊥)),62
12,(!((((q || !(⊥)) && p) <-> Diamond(⊥))) --> ⊥),(((((((((q --> ⊥) --> (⊥ --> ⊥)) --> (p --> ⊥)) --> ⊥) --> (Box((⊥ --> ⊥)) --> ⊥)) --> (((Box((⊥ --> ⊥)) --> ⊥) --> ((((q --> ⊥) --> (⊥ --> ⊥)) --> (p --> ⊥)) --> ⊥)) --> ⊥)) --> ⊥) --> ⊥) --> ⊥),49
12,((s --> r) || !(((Diamond(⊥) <-> y) || Diamond(⊥)))),(((s --> r) --> ⊥) --> (((((((Box((⊥ --> ⊥)) --> ⊥) --> y) --> ((y --> (Box((⊥ --> ⊥)) --> ⊥)) --> ⊥)) --> ⊥) --> ⊥) --> (Box((⊥ --> ⊥)) --> ⊥)) --> ⊥)),38
12,(Box(((u <-> ⊥) <-> (w --> z))) && Box(!(z))),((Box(((((((u --> ⊥) --> ((⊥ --> u) --> ⊥)) --> ⊥) --> (w --> z)) --> (((w --> z) --> (((u --> ⊥) --> ((⊥ --> u) --> ⊥)) --> ⊥)) --> ⊥)) --> ⊥)) --> (Box((z --> ⊥)) --> ⊥)) --> ⊥),45
12,Box(((s || q) --> ((Box(w) --> r) <-> !(w)))),Box((((s --> ⊥) --> q) --> ((((Box(w) --> r) --> (w --> ⊥)) --> (((w --> ⊥) --> (Box(w) --> r)) --> ⊥)) --> ⊥))),28
12,!((x <-> Diamond((Box(!(q)) <-> (Diamond(p) && z))))),((((x --> (Box(((((Box((q --> ⊥)) --> (((Box((p --> ⊥)) --> ⊥) --> (z --> ⊥)) --> ⊥)) --> (((((Box((p --> ⊥)) --> ⊥) --> (z --> ⊥)) --> ⊥) --> Box((q --> ⊥))) --> ⊥)) --> ⊥) --> ⊥)) --> ⊥)) --> (((Box(((((Box((q --> ⊥)) --> (((Box((p --> ⊥)) --> ⊥) --> (z --> ⊥)) --> ⊥)) --> (((((Box((p --> ⊥)) --> ⊥) --> (z --> ⊥)) --> ⊥) --> Box((q --> ⊥))) --> ⊥)) --> ⊥) --> ⊥)) --> ⊥) --> x) --> ⊥)) --> ⊥) --> ⊥),99
12,(Box(t) || Diamond(((⊥ && (s <-> y)) || Diamond(y)))),((Box(t) --> ⊥) --> (Box((((((⊥ --> ((((s --> y) --> ((y --> s) --> ⊥)) --> ⊥) --> ⊥)) --> ⊥) --> ⊥) --> (Box((y --> ⊥)) --> ⊥)) --> ⊥)) --> ⊥)),36
12,((Diamond(u) --> !(Box(v))) --> (!(t) <-> Diamond(q))),(((Box((u --> ⊥)) --> ⊥) --> (Box(v) --> ⊥)) --> ((((t --> ⊥) --> (Box((q --> ⊥)) --> ⊥)) --> (((Box((q --> ⊥)) --> ⊥) --> (t --> ⊥)) --> ⊥)) --> ⊥)),37
12,(Box(!((Diamond(p) && !(⊥)))) || (!(z) <-> ⊥)),((Box(((((Box((p --> ⊥)) --> ⊥) --> ((⊥ --> ⊥) --> ⊥)) --> ⊥) --> ⊥)) --> ⊥) --> ((((z --> ⊥) --> ⊥) --> ((⊥ --> (z --> ⊥)) --> ⊥)) --> ⊥)),35
12,((!(!(Box((x || x)))) <-> x) --> !(Box(s))),((((((Box(((x --> ⊥) --> x)) --> ⊥) --> ⊥) --> x) --> ((x --> ((Box(((x --> ⊥) --> x)) --> ⊥) --> ⊥)) --> ⊥)) --> ⊥) --> (Box(s) --> ⊥)),34
12,((((y <-> p) --> Box(⊥)) || ⊥) || Box(Box(w))),((((((((y --> p) --> ((p --> y) --> ⊥)) --> ⊥) --> Box(⊥)) --> ⊥) --> ⊥) --> ⊥) --> Box(Box(w))),24
12,((!(q) && (!(⊥) || !(s))) --> (y <-> t)),((((q --> ⊥) --> ((((⊥ --> ⊥) --> ⊥) --> (s --> ⊥)) --> ⊥)) --> ⊥) --> (((y --> t) --> ((t --> y) --> ⊥)) --> ⊥)),29
12,((s || (⊥ || Box(p))) <-> Box(!((y --> t)))),(((((s --> ⊥) --> ((⊥ --> ⊥) --> Box(p))) --> Box(((y --> t) --> ⊥))) --> ((Box(((y --> t) --> ⊥)) --> ((s --> ⊥) --> ((⊥ --> ⊥) --> Box(p)))) --> ⊥)) --> ⊥),39
12,!(((r && (w <-> ⊥)) --> (!(q) <-> !(p)))),((((r --> ((((w --> ⊥) --> ((⊥ --> w) --> ⊥)) --> ⊥) --> ⊥)) --> ⊥) --> ((((q --> ⊥) --> (p --> ⊥)) --> (((p --> ⊥) --> (q --> ⊥)) --> ⊥)) --> ⊥)) --> ⊥),39
12,(!((⊥ <-> (!(⊥) --> ⊥))) && Box(Box(!(q)))),((((((⊥ --> ((⊥ --> ⊥) --> ⊥)) --> ((((⊥ --> ⊥) --> ⊥) --> ⊥) --> ⊥)) --> ⊥) --> ⊥) --> (Box(Box((q --> ⊥))) --> ⊥)) --> ⊥),31
12,(Box(((u || w) --> Diamond(p))) || (r <-> Box(⊥))),((Box((((u --> ⊥) --> w) --> (Box((p --> ⊥)) --> ⊥))) --> ⊥) --> (((r --> Box(⊥)) --> ((Box(⊥) --> r) --> ⊥)) --> ⊥)),29
12,(!(((u || Box(u)) && (t <-> s))) --> Diamond(⊥)),((((((u --> ⊥) --> Box(u)) --> ((((t --> s) --> ((s --> t) --> ⊥)) --> ⊥) --> ⊥)) --> ⊥) --> ⊥) --> (Box((⊥ --> ⊥)) --> ⊥)),31
12,Box(((Diamond(Diamond(p)) || t) && (r && !(!(q))))),Box((((((Box(((Box((p --> ⊥)) --> ⊥) --> ⊥)) --> ⊥) --> ⊥) --> t) --> (((r --> (((q --> ⊥) --> ⊥) --> ⊥)) --> ⊥) --> ⊥)) --> ⊥)),32
12,(((x --> z) <-> y) && !((p || !(Box(q))))),((((((x --> z) --> y) --> ((y --> (x --> z)) --> ⊥)) --> ⊥) --> ((((p --> ⊥) --> (Box(q) --> ⊥)) --> ⊥) --> ⊥)) --> ⊥),30
12,(Diamond(Box(((t || s) || Diamond(!(q))))) <-> Box(r)),((((Box((Box(((((t --> ⊥) --> s) --> ⊥) --> (Box(((q --> ⊥) --> ⊥)) --> ⊥))) --> ⊥)) --> ⊥) --> Box(r)) --> ((Box(r) --> (Box((Box(((((t --> ⊥) --> s) --> ⊥) --> (Box(((q --> ⊥) --> ⊥)) --> ⊥))) --> ⊥)) --> ⊥)) --> ⊥)) --> ⊥),55
12,((!(!(⊥)) || ⊥) || ((y || p) || Box(v))),((((((⊥ --> ⊥) --> ⊥) --> ⊥) --> ⊥) --> ⊥) --> ((((y --> ⊥) --> p) --> ⊥) --> Box(v))),22
12,(!((p && Box(⊥))) --> Diamond((r && (w --> v)))),((((p --> (Box(⊥) --> ⊥)) --> ⊥) --> ⊥) --> (Box((((r --> ((w --> v) --> ⊥)) --> ⊥) --> ⊥)) --> ⊥)),25
12,(Box(((r || v) || ⊥)) --> Box(Box(Diamond(Box(y))))),(Box(((((r --> ⊥) --> v) --> ⊥) --> ⊥)) --> Box(Box((Box((Box(y) --> ⊥)) --> ⊥)))),20
12,(Diamond(!(Diamond(x))) || (⊥ && Diamond(Diamond((t <-> p))))),(((Box((((Box((x --> ⊥)) --> ⊥) --> ⊥) --> ⊥)) --> ⊥) --> ⊥) --> ((⊥ --> ((Box(((Box(((((t --> p) --> ((p --> t) --> ⊥)) --> ⊥) --> ⊥)) --> ⊥) --> ⊥)) --> ⊥) --> ⊥)) --> ⊥)),43
12,(((w && w) --> (Diamond(x) --> y)) && Box(!(u))),(((((w --> (w --> ⊥)) --> ⊥) --> ((Box((x --> ⊥)) --> ⊥) --> y)) --> (Box((u --> ⊥)) --> ⊥)) --> ⊥),25
12,!((Box(p) --> !((Diamond(Diamond(⊥)) --> Box(!(x)))))),((Box(p) --> (((Box(((Box((⊥ --> ⊥)) --> ⊥) --> ⊥)) --> ⊥) --> Box((x --> ⊥))) --> ⊥)) --> ⊥),23
12,!(((x --> Diamond(z)) --> (Diamond(Box(Diamond(u))) && y))),(((x --> (Box((z --> ⊥)) --> ⊥)) --> (((Box((Box((Box((u --> ⊥)) --> ⊥)) --> ⊥)) --> ⊥) --> (y --> ⊥)) --> ⊥)) --> ⊥),29
12,(!(Diamond(((t || z) && y))) --> (!(v) <-> ⊥)),(((Box((((((t --> ⊥) --> z) --> (y --> ⊥)) --> ⊥) --> ⊥)) --> ⊥) --> ⊥) --> ((((v --> ⊥) --> ⊥) --> ((⊥ --> (v --> ⊥)) --> ⊥)) --> ⊥)),34
12,(((x || ⊥) || t) && (q || (q || Box(t)))),((((((x --> ⊥) --> ⊥) --> ⊥) --> t) --> (((q --> ⊥) --> ((q --> ⊥) --> Box(t))) --> ⊥)) --> ⊥),24
12,(((u --> Diamond(t)) && (q || ⊥)) || !(Box(t))),(((((u --> (Box((t --> ⊥)) --> ⊥)) --> (((q --> ⊥) --> ⊥) --> ⊥)) --> ⊥) --> ⊥) --> (Box(t) --> ⊥)),25
12,(!(!(!(Box(⊥)))) && (u --> (t || Box(t)))),(((((Box(⊥) --> ⊥) --> ⊥) --> ⊥) --> ((u --> ((t --> ⊥) --> Box(t))) --> ⊥)) --> ⊥),21
12,(((Diamond(t) && !(!(y))) --> (p || ⊥)) --> v),(((((Box((t --> ⊥)) --> ⊥) --> (((y --> ⊥) --> ⊥) --> ⊥)) --> ⊥) --> ((p --> ⊥) --> ⊥)) --> v),24
12,Box(((t --> ⊥) || ((Box(z) --> Diamond(r)) && v))),Box((((t --> ⊥) --> ⊥) --> (((Box(z) --> (Box((r --> ⊥)) --> ⊥)) --> (v --> ⊥)) --> ⊥))),22
12,(!(z) && Diamond(((!(x) <-> Diamond(⊥)) && Diamond(t)))),(((z --> ⊥) --> ((Box((((((((x --> ⊥) --> (Box((⊥ --> ⊥)) --> ⊥)) --> (((Box((⊥ --> ⊥)) --> ⊥) --> (x --> ⊥)) --> ⊥)) --> ⊥) --> ((Box((t --> ⊥)) --> ⊥) --> ⊥)) --> ⊥) --> ⊥)) --> ⊥) --> ⊥)) --> ⊥),49
12,Box(Box(((w || ⊥) --> Diamond(Diamond((v || !(y))))))),Box(Box((((w --> ⊥) --> ⊥) --> (Box(((Box((((v --> ⊥) --> (y --> ⊥)) --> ⊥)) --> ⊥) --> ⊥)) --> ⊥)))),25
12,(Diamond((Box(w) || Diamond(p))) || (q && !(Box(y)))),(((Box((((Box(w) --> ⊥) --> (Box((p --> ⊥)) --> ⊥)) --> ⊥)) --> ⊥) --> ⊥) --> ((q --> ((Box(y) --> ⊥) --> ⊥)) --> ⊥)),29
12,(Box(Box(r)) && Diamond(((q <-> (⊥ --> z)) --> p))),((Box(Box(r)) --> ((Box((((((q --> (⊥ --> z)) --> (((⊥ --> z) --> q) --> ⊥)) --> ⊥) --> p) --> ⊥)) --> ⊥) --> ⊥)) --> ⊥),30
12,(Diamond(((r --> Box(u)) || v)) && (!(z) || t)),(((Box(((((r --> Box(u)) --> ⊥) --> v) --> ⊥)) --> ⊥) --> ((((z --> ⊥) --> ⊥) --> t) --> ⊥)) --> ⊥),25
12,(Diamond(Box(s)) && Diamond(Box((Box(!(Box(⊥))) --> v)))),(((Box((Box(s) --> ⊥)) --> ⊥) --> ((Box((Box((Box((Box(⊥) --> ⊥)) --> v)) --> ⊥)) --> ⊥) --> ⊥)) --> ⊥),25
12,Box(Diamond(((Box(p) <-> q) && !((!(x) || ⊥))))),Box((Box(((((((Box(p) --> q) --> ((q --> Box(p)) --> ⊥)) --> ⊥) --> (((((x --> ⊥) --> ⊥) --> ⊥) --> ⊥) --> ⊥)) --> ⊥) --> ⊥)) --> ⊥)),33
12,Diamond(((Box(s) --> (Diamond(y) --> Diamond(s))) <-> !(q))),(Box((((((Box(s) --> ((Box((y --> ⊥)) --> ⊥) --> (Box((s --> ⊥)) --> ⊥))) --> (q --> ⊥)) --> (((q --> ⊥) --> (Box(s) --> ((Box((y --> ⊥)) --> ⊥) --> (Box((s --> ⊥)) --> ⊥)))) --> ⊥)) --> ⊥) --> ⊥)) --> ⊥),50
12,Diamond((Diamond(Diamond(u)) || (Box(z) <-> (x && Box(z))))),(Box(((((Box(((Box((u --> ⊥)) --> ⊥) --> ⊥)) --> ⊥) --> ⊥) --> (((Box(z) --> ((x --> (Box(z) --> ⊥)) --> ⊥)) --> ((((x --> (Box(z) --> ⊥)) --> ⊥) --> Box(z)) --> ⊥)) --> ⊥)) --> ⊥)) --> ⊥),46
12,Diamond((((y <-> v) <-> Diamond((v || Box(y)))) && p)),(Box((((((((((y --> v) --> ((v --> y) --> ⊥)) --> ⊥) --> (Box((((v --> ⊥) --> Box(y)) --> ⊥)) --> ⊥)) --> (((Box((((v --> ⊥) --> Box(y)) --> ⊥)) --> ⊥) --> (((y --> v) --> ((v --> y) --> ⊥)) --> ⊥)) --> ⊥)) --> ⊥) --> (p --> ⊥)) --> ⊥) --> ⊥)) --> ⊥),62
12,Diamond(!(Box(Diamond(Diamond(Diamond(Box((v <-> Diamond(Diamond(z)))))))))),(Box(((Box((Box(((Box(((Box((Box((((v --> (Box(((Box((z --> ⊥)) --> ⊥) --> ⊥)) --> ⊥)) --> (((Box(((Box((z --> ⊥)) --> ⊥) --> ⊥)) --> ⊥) --> v) --> ⊥)) --> ⊥)) --> ⊥)) --> ⊥) --> ⊥)) --> ⊥) --> ⊥)) --> ⊥)) --> ⊥) --> ⊥)) --> ⊥),55
12,Box(Diamond((((s --> !(s)) && (v || p)) --> r))),Box((Box((((((s --> (s --> ⊥)) --> (((v --> ⊥) --> p) --> ⊥)) --> ⊥) --> r) --> ⊥)) --> ⊥)),23
12,Diamond(((s --> t) && Diamond((Box(!(v)) && Diamond(u))))),(Box(((((s --> t) --> ((Box((((Box((v --> ⊥)) --> ((Box((u --> ⊥)) --> ⊥) --> ⊥)) --> ⊥) --> ⊥)) --> ⊥) --> ⊥)) --> ⊥) --> ⊥)) --> ⊥),33
12,Diamond((Box(Diamond((x --> (⊥ --> Diamond(!(p)))))) <-> t)),(Box(((((Box((Box(((x --> (⊥ --> (Box(((p --> ⊥) --> ⊥)) --> ⊥))) --> ⊥)) --> ⊥)) --> t) --> ((t --> Box((Box(((x --> (⊥ --> (Box(((p --> ⊥) --> ⊥)) --> ⊥))) --> ⊥)) --> ⊥))) --> ⊥)) --> ⊥) --> ⊥)) --> ⊥),50
12,Diamond((!(((Box(z) <-> Diamond(p)) || !(⊥))) && t)),(Box((((((((((Box(z) --> (Box((p --> ⊥)) --> ⊥)) --> (((Box((p --> ⊥)) --> ⊥) --> Box(z)) --> ⊥)) --> ⊥) --> ⊥) --> (⊥ --> ⊥)) --> ⊥) --> (t --> ⊥)) --> ⊥) --> ⊥)) --> ⊥),42
12,Diamond(((!(p) && x) && Diamond(!(!((x && t)))))),(Box(((((((p --> ⊥) --> (x --> ⊥)) --> ⊥) --> ((Box((((((x --> (t --> ⊥)) --> ⊥) --> ⊥) --> ⊥) --> ⊥)) --> ⊥) --> ⊥)) --> ⊥) --> ⊥)) --> ⊥),35
12,Diamond(((t --> Diamond((Diamond(u) <-> !(y)))) || !(t))),(Box(((((t --> (Box((((((Box((u --> ⊥)) --> ⊥) --> (y --> ⊥)) --> (((y --> ⊥) --> (Box((u --> ⊥)) --> ⊥)) --> ⊥)) --> ⊥) --> ⊥)) --> ⊥)) --> ⊥) --> (t --> ⊥)) --> ⊥)) --> ⊥),43
12,Diamond(((⊥ && (!(v) <-> ⊥)) && (q || Box(z)))),(Box((((((⊥ --> (((((v --> ⊥) --> ⊥) --> ((⊥ --> (v --> ⊥)) --> ⊥)) --> ⊥) --> ⊥)) --> ⊥) --> (((q --> ⊥) --> Box(z)) --> ⊥)) --> ⊥) --> ⊥)) --> ⊥),37
12,Diamond((⊥ && (Diamond((p && (w --> p))) && !(p)))),(Box((((⊥ --> ((((Box((((p --> ((w --> p) --> ⊥)) --> ⊥) --> ⊥)) --> ⊥) --> ((p --> ⊥) --> ⊥)) --> ⊥) --> ⊥)) --> ⊥) --> ⊥)) --> ⊥),33
12,Diamond(Diamond((!((x --> Box(s))) || (z --> !(y))))),(Box(((Box((((((x --> Box(s)) --> ⊥) --> ⊥) --> (z --> (y --> ⊥))) --> ⊥)) --> ⊥) --> ⊥)) --> ⊥),24
12,!(Box((Box(Diamond(((t <-> t) || Box(x)))) || u))),(Box(((Box((Box(((((((t --> t) --> ((t --> t) --> ⊥)) --> ⊥) --> ⊥) --> Box(x)) --> ⊥)) --> ⊥)) --> ⊥) --> u)) --> ⊥),29
12,Diamond(!((!(Diamond(⊥)) --> ((t --> x) || Diamond(r))))),(Box((((((Box((⊥ --> ⊥)) --> ⊥) --> ⊥) --> (((t --> x) --> ⊥) --> (Box((r --> ⊥)) --> ⊥))) --> ⊥) --> ⊥)) --> ⊥),28
12,Diamond(Box(((Diamond(p) <-> Box(!(⊥))) --> (z --> s)))),(Box((Box((((((Box((p --> ⊥)) --> ⊥) --> Box((⊥ --> ⊥))) --> ((Box((⊥ --> ⊥)) --> (Box((p --> ⊥)) --> ⊥)) --> ⊥)) --> ⊥) --> (z --> s))) --> ⊥)) --> ⊥),37
12,!(Box((!((!(q) --> p)) && (Diamond(r) --> w)))),(Box((((((q --> ⊥) --> p) --> ⊥) --> (((Box((r --> ⊥)) --> ⊥) --> w) --> ⊥)) --> ⊥)) --> ⊥),23
12,(Box((Box(Box(⊥)) --> ((z || t) && x))) --> x),(Box((Box(Box(⊥)) --> ((((z --> ⊥) --> t) --> (x --> ⊥)) --> ⊥))) --> x),18
12,,,-1
12,,,-1
12,,,-1
13,(((Diamond(⊥) && v) <-> !(x)) <-> (v && (s <-> x))),(((((((((Box((⊥ --> ⊥)) --> ⊥) --> (v --> ⊥)) --> ⊥) --> (x --> ⊥)) --> (((x --> ⊥) --> (((Box((⊥ --> ⊥)) --> ⊥) --> (v --> ⊥)) --> ⊥)) --> ⊥)) --> ⊥) --> ((v --> ((((s --> x) --> ((x --> s) --> ⊥)) --> ⊥) --> ⊥)) --> ⊥)) --> ((((v --> ((((s --> x) --> ((x --> s) --> ⊥)) --> ⊥) --> ⊥)) --> ⊥) --> ((((((Box((⊥ --> ⊥)) --> ⊥) --> (v --> ⊥)) --> ⊥) --> (x --> ⊥)) --> (((x --> ⊥) --> (((Box((⊥ --> ⊥)) --> ⊥) --> (v --> ⊥)) --> ⊥)) --> ⊥)) --> ⊥)) --> ⊥)) --> ⊥),115
13,((Diamond(Diamond(x)) <-> Diamond(Box(y))) <-> !((y --> Diamond(r)))),(((((((Box(((Box((x --> ⊥)) --> ⊥) --> ⊥)) --> ⊥) --> (Box((Box(y) --> ⊥)) --> ⊥)) --> (((Box((Box(y) --> ⊥)) --> ⊥) --> (Box(((Box((x --> ⊥)) --> ⊥) --> ⊥)) --> ⊥)) --> ⊥)) --> ⊥) --> ((y --> (Box((r --> ⊥)) --> ⊥)) --> ⊥)) --> ((((y --> (Box((r --> ⊥)) --> ⊥)) --> ⊥) --> ((((Box(((Box((x --> ⊥)) --> ⊥) --> ⊥)) --> ⊥) --> (Box((Box(y) --> ⊥)) --> ⊥)) --> (((Box((Box(y) --> ⊥)) --> ⊥) --> (Box(((Box((x --> ⊥)) --> ⊥) --> ⊥)) --> ⊥)) --> ⊥)) --> ⊥)) --> ⊥)) --> ⊥),113
13,Box((Box(z) && !(!((Diamond(Box(w)) <-> (⊥ && t)))))),Box(((Box(z) --> (((((((Box((Box(w) --> ⊥)) --> ⊥) --> ((⊥ --> (t --> ⊥)) --> ⊥)) --> ((((⊥ --> (t --> ⊥)) --> ⊥) --> (Box((Box(w) --> ⊥)) --> ⊥)) --> ⊥)) --> ⊥) --> ⊥) --> ⊥) --> ⊥)) --> ⊥)),47
13,((s || v) <-> (Box(w) && (Box(⊥) <-> (v <-> y)))),(((((s --> ⊥) --> v) --> ((Box(w) --> ((((Box(⊥) --> (((v --> y) --> ((y --> v) --> ⊥)) --> ⊥)) --> (((((v --> y) --> ((y --> v) --> ⊥)) --> ⊥) --> Box(⊥)) --> ⊥)) --> ⊥) --> ⊥)) --> ⊥)) --> ((((Box(w) --> ((((Box(⊥) --> (((v --> y) --> ((y --> v) --> ⊥)) --> ⊥)) --> (((((v --> y) --> ((y --> v) --> ⊥)) --> ⊥) --> Box(⊥)) --> ⊥)) --> ⊥) --> ⊥)) --> ⊥) --> ((s --> ⊥) --> v)) --> ⊥)) --> ⊥),97
13,Box(!(Diamond((p <-> ((!(⊥) <-> t) || !(!(t))))))),Box(((Box(((((p --> ((((((⊥ --> ⊥) --> t) --> ((t --> (⊥ --> ⊥)) --> ⊥)) --> ⊥) --> ⊥) --> ((t --> ⊥) --> ⊥))) --> ((((((((⊥ --> ⊥) --> t) --> ((t --> (⊥ --> ⊥)) --> ⊥)) --> ⊥) --> ⊥) --> ((t --> ⊥) --> ⊥)) --> p) --> ⊥)) --> ⊥) --> ⊥)) --> ⊥) --> ⊥)),63
13,((v || v) <-> (((v && y) <-> !(Diamond(x))) || ⊥)),(((((v --> ⊥) --> v) --> (((((((v --> (y --> ⊥)) --> ⊥) --> ((Box((x --> ⊥)) --> ⊥) --> ⊥)) --> ((((Box((x --> ⊥)) --> ⊥) --> ⊥) --> ((v --> (y --> ⊥)) --> ⊥)) --> ⊥)) --> ⊥) --> ⊥) --> ⊥)) --> (((((((((v --> (y --> ⊥)) --> ⊥) --> ((Box((x --> ⊥)) --> ⊥) --> ⊥)) --> ((((Box((x --> ⊥)) --> ⊥) --> ⊥) --> ((v --> (y --> ⊥)) --> ⊥)) --> ⊥)) --> ⊥) --> ⊥) --> ⊥) --> ((v --> ⊥) --> v)) --> ⊥)) --> ⊥),99
13,((!((t <-> Diamond(!(p)))) <-> Diamond(Diamond(q))) && Box(s)),(((((((((t --> (Box(((p --> ⊥) --> ⊥)) --> ⊥)) --> (((Box(((p --> ⊥) --> ⊥)) --> ⊥) --> t) --> ⊥)) --> ⊥) --> ⊥) --> (Box(((Box((q --> ⊥)) --> ⊥) --> ⊥)) --> ⊥)) --> (((Box(((Box((q --> ⊥)) --> ⊥) --> ⊥)) --> ⊥) --> ((((t --> (Box(((p --> ⊥) --> ⊥)) --> ⊥)) --> (((Box(((p --> ⊥) --> ⊥)) --> ⊥) --> t) --> ⊥)) --> ⊥) --> ⊥)) --> ⊥)) --> ⊥) --> (Box(s) --> ⊥)) --> ⊥),90
13,!(!(!(((z --> (y <-> ⊥)) <-> (Diamond(t) --> t))))),(((((((z --> (((y --> ⊥) --> ((⊥ --> y) --> ⊥)) --> ⊥)) --> ((Box((t --> ⊥)) --> ⊥) --> t)) --> ((((Box((t --> ⊥)) --> ⊥) --> t) --> (z --> (((y --> ⊥) --> ((⊥ --> y) --> ⊥)) --> ⊥))) --> ⊥)) --> ⊥) --> ⊥) --> ⊥) --> ⊥),55
13,(Diamond((v <-> (u || x))) --> (!(s) <-> Diamond(Diamond(q)))),((Box(((((v --> ((u --> ⊥) --> x)) --> ((((u --> ⊥) --> x) --> v) --> ⊥)) --> ⊥) --> ⊥)) --> ⊥) --> ((((s --> ⊥) --> (Box(((Box((q --> ⊥)) --> ⊥) --> ⊥)) --> ⊥)) --> (((Box(((Box((q --> ⊥)) --> ⊥) --> ⊥)) --> ⊥) --> (s --> ⊥)) --> ⊥)) --> ⊥)),60
13,Box((((⊥ <-> Diamond((x && ⊥))) && (p --> z)) <-> ⊥)),Box(((((((((⊥ --> (Box((((x --> (⊥ --> ⊥)) --> ⊥) --> ⊥)) --> ⊥)) --> (((Box((((x --> (⊥ --> ⊥)) --> ⊥) --> ⊥)) --> ⊥) --> ⊥) --> ⊥)) --> ⊥) --> ((p --> z) --> ⊥)) --> ⊥) --> ⊥) --> ((⊥ --> (((((⊥ --> (Box((((x --> (⊥ --> ⊥)) --> ⊥) --> ⊥)) --> ⊥)) --> (((Box((((x --> (⊥ --> ⊥)) --> ⊥) --> ⊥)) --> ⊥) --> ⊥) --> ⊥)) --> ⊥) --> ((p --> z) --> ⊥)) --> ⊥)) --> ⊥)) --> ⊥)),92
13,((Box(!(q)) <-> (w <-> Diamond(x))) && (q || !(u))),(((((Box((q --> ⊥)) --> (((w --> (Box((x --> ⊥)) --> ⊥)) --> (((Box((x --> ⊥)) --> ⊥) --> w) --> ⊥)) --> ⊥)) --> (((((w --> (Box((x --> ⊥)) --> ⊥)) --> (((Box((x --> ⊥)) --> ⊥) --> w) --> ⊥)) --> ⊥) --> Box((q --> ⊥))) --> ⊥)) --> ⊥) --> (((q --> ⊥) --> (u --> ⊥)) --> ⊥)) --> ⊥),69
13,((!(t) || Diamond(t)) <-> !((Diamond(r) && (w || u)))),((((((t --> ⊥) --> ⊥) --> (Box((t --> ⊥)) --> ⊥)) --> ((((Box((r --> ⊥)) --> ⊥) --> (((w --> ⊥) --> u) --> ⊥)) --> ⊥) --> ⊥)) --> ((((((Box((r --> ⊥)) --> ⊥) --> (((w --> ⊥) --> u) --> ⊥)) --> ⊥) --> ⊥) --> (((t --> ⊥) --> ⊥) --> (Box((t --> ⊥)) --> ⊥))) --> ⊥)) --> ⊥),67
13,((Box(t) <-> Box(Diamond(Diamond(u)))) || (Diamond(⊥) || !(y))),(((((Box(t) --> Box((Box(((Box((u --> ⊥)) --> ⊥) --> ⊥)) --> ⊥))) --> ((Box((Box(((Box((u --> ⊥)) --> ⊥) --> ⊥)) --> ⊥)) --> Box(t)) --> ⊥)) --> ⊥) --> ⊥) --> (((Box((⊥ --> ⊥)) --> ⊥) --> ⊥) --> (y --> ⊥))),50
13,((!(Box(r)) <-> ((q <-> ⊥) --> (s || w))) && z),((((((Box(r) --> ⊥) --> ((((q --> ⊥) --> ((⊥ --> q) --> ⊥)) --> ⊥) --> ((s --> ⊥) --> w))) --> ((((((q --> ⊥) --> ((⊥ --> q) --> ⊥)) --> ⊥) --> ((s --> ⊥) --> w)) --> (Box(r) --> ⊥)) --> ⊥)) --> ⊥) --> (z --> ⊥)) --> ⊥),55
13,Box((!(((s --> (Box(s) <-> w)) || z)) || !(v))),Box(((((((s --> (((Box(s) --> w) --> ((w --> Box(s)) --> ⊥)) --> ⊥)) --> ⊥) --> z) --> ⊥) --> ⊥) --> (v --> ⊥))),28
13,(((Box(p) && Box(s)) || Box(z)) <-> Diamond((w || s))),(((((((Box(p) --> (Box(s) --> ⊥)) --> ⊥) --> ⊥) --> Box(z)) --> (Box((((w --> ⊥) --> s) --> ⊥)) --> ⊥)) --> (((Box((((w --> ⊥) --> s) --> ⊥)) --> ⊥) --> ((((Box(p) --> (Box(s) --> ⊥)) --> ⊥) --> ⊥) --> Box(z))) --> ⊥)) --> ⊥),55
13,((!(z) --> w) <-> ((s && t) || (q || Box(x)))),(((((z --> ⊥) --> w) --> ((((s --> (t --> ⊥)) --> ⊥) --> ⊥) --> ((q --> ⊥) --> Box(x)))) --> ((((((s --> (t --> ⊥)) --> ⊥) --> ⊥) --> ((q --> ⊥) --> Box(x))) --> ((z --> ⊥) --> w)) --> ⊥)) --> ⊥),49
13,(Box(v) --> (((x || q) --> (w && v)) <-> !(u))),(Box(v) --> ((((((x --> ⊥) --> q) --> ((w --> (v --> ⊥)) --> ⊥)) --> (u --> ⊥)) --> (((u --> ⊥) --> (((x --> ⊥) --> q) --> ((w --> (v --> ⊥)) --> ⊥))) --> ⊥)) --> ⊥)),42
13,!((p && (x && (!(⊥) && !(Box(!(Box(v)))))))),(((p --> (((x --> ((((⊥ --> ⊥) --> ((Box((Box(v) --> ⊥)) --> ⊥) --> ⊥)) --> ⊥) --> ⊥)) --> ⊥) --> ⊥)) --> ⊥) --> ⊥),29
13,(Diamond(p) || (Diamond(u) <-> Box(((w --> t) || !(s))))),(((Box((p --> ⊥)) --> ⊥) --> ⊥) --> ((((Box((u --> ⊥)) --> ⊥) --> Box((((w --> t) --> ⊥) --> (s --> ⊥)))) --> ((Box((((w --> t) --> ⊥) --> (s --> ⊥))) --> (Box((u --> ⊥)) --> ⊥)) --> ⊥)) --> ⊥)),48
13,(((!((r || p)) --> Diamond(s)) <-> ⊥) && (z && u)),(((((((((r --> ⊥) --> p) --> ⊥) --> (Box((s --> ⊥)) --> ⊥)) --> ⊥) --> ((⊥ --> ((((r --> ⊥) --> p) --> ⊥) --> (Box((s --> ⊥)) --> ⊥))) --> ⊥)) --> ⊥) --> (((z --> (u --> ⊥)) --> ⊥) --> ⊥)) --> ⊥),49
13,(Box(Box(⊥)) && (Box(Box((t <-> ⊥))) && Box(Diamond(s)))),((Box(Box(⊥)) --> (((Box(Box((((t --> ⊥) --> ((⊥ --> t) --> ⊥)) --> ⊥))) --> (Box((Box((s --> ⊥)) --> ⊥)) --> ⊥)) --> ⊥) --> ⊥)) --> ⊥),33
13,(Box(!((Diamond(Box(p)) --> Diamond((y && !(y)))))) && ⊥),((Box((((Box((Box(p) --> ⊥)) --> ⊥) --> (Box((((y --> ((y --> ⊥) --> ⊥)) --> ⊥) --> ⊥)) --> ⊥)) --> ⊥)) --> (⊥ --> ⊥)) --> ⊥),31
13,Box(((w || s) --> Box(Diamond((!(p) --> (t && u)))))),Box((((w --> ⊥) --> s) --> Box((Box((((p --> ⊥) --> ((t --> (u --> ⊥)) --> ⊥)) --> ⊥)) --> ⊥)))),24
13,((q <-> Diamond(v)) && Diamond((s --> (Diamond(v) || !(u))))),(((((q --> (Box((v --> ⊥)) --> ⊥)) --> (((Box((v --> ⊥)) --> ⊥) --> q) --> ⊥)) --> ⊥) --> ((Box(((s --> (((Box((v --> ⊥)) --> ⊥) --> ⊥) --> (u --> ⊥))) --> ⊥)) --> ⊥) --> ⊥)) --> ⊥),45
13,(Box((Box(Diamond(⊥)) || !(⊥))) <-> Diamond(Diamond((⊥ || z)))),(((Box(((Box((Box((⊥ --> ⊥)) --> ⊥)) --> ⊥) --> (⊥ --> ⊥))) --> (Box(((Box((((⊥ --> ⊥) --> z) --> ⊥)) --> ⊥) --> ⊥)) --> ⊥)) --> (((Box(((Box((((⊥ --> ⊥) --> z) --> ⊥)) --> ⊥) --> ⊥)) --> ⊥) --> Box(((Box((Box((⊥ --> ⊥)) --> ⊥)) --> ⊥) --> (⊥ --> ⊥)))) --> ⊥)) --> ⊥),65
13,(((Diamond(p) --> !(y)) || Diamond(t)) && Diamond((t || w))),((((((Box((p --> ⊥)) --> ⊥) --> (y --> ⊥)) --> ⊥) --> (Box((t --> ⊥)) --> ⊥)) --> ((Box((((t --> ⊥) --> w) --> ⊥)) --> ⊥) --> ⊥)) --> ⊥),34
13,(!(w) && (((Diamond(q) --> !(⊥)) || q) && Diamond(s))),(((w --> ⊥) --> (((((((Box((q --> ⊥)) --> ⊥) --> (⊥ --> ⊥)) --> ⊥) --> q) --> ((Box((s --> ⊥)) --> ⊥) --> ⊥)) --> ⊥) --> ⊥)) --> ⊥),33
13,((u --> Box(z)) --> (t || (z && (r && Diamond(⊥))))),((u --> Box(z)) --> ((t --> ⊥) --> ((z --> (((r --> ((Box((⊥ --> ⊥)) --> ⊥) --> ⊥)) --> ⊥) --> ⊥)) --> ⊥))),27
13,Box(!(((Box(!(Box(t))) || !(⊥)) && (x || v)))),Box((((((Box((Box(t) --> ⊥)) --> ⊥) --> (⊥ --> ⊥)) --> (((x --> ⊥) --> v) --> ⊥)) --> ⊥) --> ⊥)),24
13,((s <-> ⊥) && (Box(!(((w || x) --> t))) && s)),(((((s --> ⊥) --> ((⊥ --> s) --> ⊥)) --> ⊥) --> (((Box(((((w --> ⊥) --> x) --> t) --> ⊥)) --> (s --> ⊥)) --> ⊥) --> ⊥)) --> ⊥),32
13,(Diamond(!(z)) --> (t || Diamond((!((⊥ --> p)) || x)))),((Box(((z --> ⊥) --> ⊥)) --> ⊥) --> ((t --> ⊥) --> (Box((((((⊥ --> p) --> ⊥) --> ⊥) --> x) --> ⊥)) --> ⊥))),27
13,((!(x) --> Diamond((t --> x))) || (Diamond(!(v)) --> q)),((((x --> ⊥) --> (Box(((t --> x) --> ⊥)) --> ⊥)) --> ⊥) --> ((Box(((v --> ⊥) --> ⊥)) --> ⊥) --> q)),25
13,(!((Box(y) --> (!(y) && (y && v)))) --> Diamond(⊥)),(((Box(y) --> (((y --> ⊥) --> (((y --> (v --> ⊥)) --> ⊥) --> ⊥)) --> ⊥)) --> ⊥) --> (Box((⊥ --> ⊥)) --> ⊥)),27
13,(!(!(!((!(⊥) --> (t && ⊥))))) --> (s || r)),((((((⊥ --> ⊥) --> ((t --> (⊥ --> ⊥)) --> ⊥)) --> ⊥) --> ⊥) --> ⊥) --> ((s --> ⊥) --> r)),23
13,(x --> (Diamond((u <-> (Diamond(Diamond(w)) || Box(z)))) && s)),(x --> (((Box(((((u --> (((Box(((Box((w --> ⊥)) --> ⊥) --> ⊥)) --> ⊥) --> ⊥) --> Box(z))) --> (((((Box(((Box((w --> ⊥)) --> ⊥) --> ⊥)) --> ⊥) --> ⊥) --> Box(z)) --> u) --> ⊥)) --> ⊥) --> ⊥)) --> ⊥) --> (s --> ⊥)) --> ⊥)),54
13,(!((⊥ && !(!(Box((z --> s)))))) --> (t --> u)),((((⊥ --> (((Box((z --> s)) --> ⊥) --> ⊥) --> ⊥)) --> ⊥) --> ⊥) --> (t --> u)),20
13,Box(((!(Box((⊥ --> Box(Diamond(q))))) || Diamond(p)) || w)),Box((((((Box((⊥ --> Box((Box((q --> ⊥)) --> ⊥)))) --> ⊥) --> ⊥) --> (Box((p --> ⊥)) --> ⊥)) --> ⊥) --> w)),26
13,(Diamond(x) --> (w --> Box((⊥ && Diamond((Box(v) && s)))))),((Box((x --> ⊥)) --> ⊥) --> (w --> Box(((⊥ --> ((Box((((Box(v) --> (s --> ⊥)) --> ⊥) --> ⊥)) --> ⊥) --> ⊥)) --> ⊥)))),29
13,((r --> v) && Box(((r --> q) --> Diamond((s <-> p))))),(((r --> v) --> (Box(((r --> q) --> (Box(((((s --> p) --> ((p --> s) --> ⊥)) --> ⊥) --> ⊥)) --> ⊥))) --> ⊥)) --> ⊥),29
13,(Box(!(Box(s))) && Diamond((Diamond(Box(p)) <-> (v <-> w)))),((Box((Box(s) --> ⊥)) --> ((Box((((((Box((Box(p) --> ⊥)) --> ⊥) --> (((v --> w) --> ((w --> v) --> ⊥)) --> ⊥)) --> (((((v --> w) --> ((w --> v) --> ⊥)) --> ⊥) --> (Box((Box(p) --> ⊥)) --> ⊥)) --> ⊥)) --> ⊥) --> ⊥)) --> ⊥) --> ⊥)) --> ⊥),58
13,(Diamond((Box(q) <-> v)) && Diamond(((s && q) <-> !(u)))),(((Box(((((Box(q) --> v) --> ((v --> Box(q)) --> ⊥)) --> ⊥) --> ⊥)) --> ⊥) --> ((Box(((((((s --> (q --> ⊥)) --> ⊥) --> (u --> ⊥)) --> (((u --> ⊥) --> ((s --> (q --> ⊥)) --> ⊥)) --> ⊥)) --> ⊥) --> ⊥)) --> ⊥) --> ⊥)) --> ⊥),55
13,((s && !(Box((x || t)))) --> Box(Diamond((p || z)))),(((s --> ((Box(((x --> ⊥) --> t)) --> ⊥) --> ⊥)) --> ⊥) --> Box((Box((((p --> ⊥) --> z) --> ⊥)) --> ⊥))),26
13,(!(!(Box((Box((p || s)) && q)))) --> (q <-> z)),(((Box(((Box(((p --> ⊥) --> s)) --> (q --> ⊥)) --> ⊥)) --> ⊥) --> ⊥) --> (((q --> z) --> ((z --> q) --> ⊥)) --> ⊥)),29
13,(!(Diamond(t)) --> !((Box((r || Box(x))) || !(r)))),(((Box((t --> ⊥)) --> ⊥) --> ⊥) --> (((Box(((r --> ⊥) --> Box(x))) --> ⊥) --> (r --> ⊥)) --> ⊥)),24
13,((v --> (q --> Box(⊥))) && Diamond(((v && ⊥) --> ⊥))),(((v --> (q --> Box(⊥))) --> ((Box(((((v --> (⊥ --> ⊥)) --> ⊥) --> ⊥) --> ⊥)) --> ⊥) --> ⊥)) --> ⊥),25
13,(Diamond(Box((⊥ <-> Box((Box(p) --> (y <-> q)))))) && ⊥),(((Box((Box((((⊥ --> Box((Box(p) --> (((y --> q) --> ((q --> y) --> ⊥)) --> ⊥)))) --> ((Box((Box(p) --> (((y --> q) --> ((q --> y) --> ⊥)) --> ⊥))) --> ⊥) --> ⊥)) --> ⊥)) --> ⊥)) --> ⊥) --> (⊥ --> ⊥)) --> ⊥),51
13,(!((!(q) --> Box((!(q) || Box(x))))) || Diamond(z)),(((((q --> ⊥) --> Box((((q --> ⊥) --> ⊥) --> Box(x)))) --> ⊥) --> ⊥) --> (Box((z --> ⊥)) --> ⊥)),24
13,(((q && u) --> Box((u --> Box(s)))) --> !(Box(⊥))),((((q --> (u --> ⊥)) --> ⊥) --> Box((u --> Box(s)))) --> (Box(⊥) --> ⊥)),18
13,Box(Diamond((Box(p) && ((Box(p) <-> (⊥ <-> u)) && ⊥)))),Box((Box((((Box(p) --> ((((((Box(p) --> (((⊥ --> u) --> ((u --> ⊥) --> ⊥)) --> ⊥)) --> (((((⊥ --> u) --> ((u --> ⊥) --> ⊥)) --> ⊥) --> Box(p)) --> ⊥)) --> ⊥) --> (⊥ --> ⊥)) --> ⊥) --> ⊥)) --> ⊥) --> ⊥)) --> ⊥)),52
13,(s --> Diamond(Box(!(Diamond(Box(((x && v) && Box(y)))))))),(s --> (Box((Box(((Box((Box(((((x --> (v --> ⊥)) --> ⊥) --> (Box(y) --> ⊥)) --> ⊥)) --> ⊥)) --> ⊥) --> ⊥)) --> ⊥)) --> ⊥)),30
13,Diamond(((u && ⊥) --> Diamond((y --> (Diamond(p) && !(⊥)))))),(Box(((((u --> (⊥ --> ⊥)) --> ⊥) --> (Box(((y --> (((Box((p --> ⊥)) --> ⊥) --> ((⊥ --> ⊥) --> ⊥)) --> ⊥)) --> ⊥)) --> ⊥)) --> ⊥)) --> ⊥),34
13,!(Box((Diamond(x) || (y || (t <-> (Diamond(v) <-> u)))))),(Box((((Box((x --> ⊥)) --> ⊥) --> ⊥) --> ((y --> ⊥) --> (((t --> ((((Box((v --> ⊥)) --> ⊥) --> u) --> ((u --> (Box((v --> ⊥)) --> ⊥)) --> ⊥)) --> ⊥)) --> ((((((Box((v --> ⊥)) --> ⊥) --> u) --> ((u --> (Box((v --> ⊥)) --> ⊥)) --> ⊥)) --> ⊥) --> t) --> ⊥)) --> ⊥)))) --> ⊥),67
13,Diamond(((Box(s) --> s) <-> ((q && x) --> !(Box(u))))),(Box((((((Box(s) --> s) --> (((q --> (x --> ⊥)) --> ⊥) --> (Box(u) --> ⊥))) --> (((((q --> (x --> ⊥)) --> ⊥) --> (Box(u) --> ⊥)) --> (Box(s) --> s)) --> ⊥)) --> ⊥) --> ⊥)) --> ⊥),44
13,Diamond(!((Box(⊥) <-> (Diamond(u) && Box((Box(z) <-> y)))))),(Box((((((Box(⊥) --> (((Box((u --> ⊥)) --> ⊥) --> (Box((((Box(z) --> y) --> ((y --> Box(z)) --> ⊥)) --> ⊥)) --> ⊥)) --> ⊥)) --> (((((Box((u --> ⊥)) --> ⊥) --> (Box((((Box(z) --> y) --> ((y --> Box(z)) --> ⊥)) --> ⊥)) --> ⊥)) --> ⊥) --> Box(⊥)) --> ⊥)) --> ⊥) --> ⊥) --> ⊥)) --> ⊥),68
13,Diamond(Box(Box(((Box(w) && !(Diamond(Box(p)))) --> !(u))))),(Box((Box(Box((((Box(w) --> (((Box((Box(p) --> ⊥)) --> ⊥) --> ⊥) --> ⊥)) --> ⊥) --> (u --> ⊥)))) --> ⊥)) --> ⊥),27
13,Diamond((!((t && r)) && (!(⊥) || (Diamond(p) --> ⊥)))),(Box(((((((t --> (r --> ⊥)) --> ⊥) --> ⊥) --> ((((⊥ --> ⊥) --> ⊥) --> ((Box((p --> ⊥)) --> ⊥) --> ⊥)) --> ⊥)) --> ⊥) --> ⊥)) --> ⊥),33
13,Diamond((t && !((Diamond(z) && (Diamond(w) && (z && s)))))),(Box((((t --> (((((Box((z --> ⊥)) --> ⊥) --> ((((Box((w --> ⊥)) --> ⊥) --> (((z --> (s --> ⊥)) --> ⊥) --> ⊥)) --> ⊥) --> ⊥)) --> ⊥) --> ⊥) --> ⊥)) --> ⊥) --> ⊥)) --> ⊥),42
13,Diamond(Box(!(((x <-> Diamond(⊥)) --> (Box(Box(v)) --> t))))),(Box((Box((((((x --> (Box((⊥ --> ⊥)) --> ⊥)) --> (((Box((⊥ --> ⊥)) --> ⊥) --> x) --> ⊥)) --> ⊥) --> (Box(Box(v)) --> t)) --> ⊥)) --> ⊥)) --> ⊥),35
13,Diamond(!(((x --> p) && ((⊥ && r) || (z <-> w))))),(Box((((((x --> p) --> (((((⊥ --> (r --> ⊥)) --> ⊥) --> ⊥) --> (((z --> w) --> ((w --> z) --> ⊥)) --> ⊥)) --> ⊥)) --> ⊥) --> ⊥) --> ⊥)) --> ⊥),36
13,Diamond((((s && Diamond(s)) && ⊥) || !((Box(x) || ⊥)))),(Box((((((((s --> ((Box((s --> ⊥)) --> ⊥) --> ⊥)) --> ⊥) --> (⊥ --> ⊥)) --> ⊥) --> ⊥) --> (((Box(x) --> ⊥) --> ⊥) --> ⊥)) --> ⊥)) --> ⊥),34
13,Diamond(((Box(s) --> !((w || Diamond(⊥)))) --> (y && v))),(Box((((Box(s) --> (((w --> ⊥) --> (Box((⊥ --> ⊥)) --> ⊥)) --> ⊥)) --> ((y --> (v --> ⊥)) --> ⊥)) --> ⊥)) --> ⊥),28
13,Diamond((((z <-> ⊥) || v) || (⊥ && (⊥ --> Diamond(⊥))))),(Box(((((((((z --> ⊥) --> ((⊥ --> z) --> ⊥)) --> ⊥) --> ⊥) --> v) --> ⊥) --> ((⊥ --> ((⊥ --> (Box((⊥ --> ⊥)) --> ⊥)) --> ⊥)) --> ⊥)) --> ⊥)) --> ⊥),37
13,Diamond(!(!(((x --> (q || Box(!(p)))) --> Diamond(y))))),(Box((((((x --> ((q --> ⊥) --> Box((p --> ⊥)))) --> (Box((y --> ⊥)) --> ⊥)) --> ⊥) --> ⊥) --> ⊥)) --> ⊥),26
13,Diamond((Box((⊥ <-> s)) --> ((z && z) || (u || u)))),(Box(((Box((((⊥ --> s) --> ((s --> ⊥) --> ⊥)) --> ⊥)) --> ((((z --> (z --> ⊥)) --> ⊥) --> ⊥) --> ((u --> ⊥) --> u))) --> ⊥)) --> ⊥),33
13,!(Box((Box((v || (p --> Box((z && ⊥))))) --> v))),(Box((Box(((v --> ⊥) --> (p --> Box(((z --> (⊥ --> ⊥)) --> ⊥))))) --> v)) --> ⊥),20
13,,,-1
13,,,-1
13,,,-1
14,!(((u <-> Diamond(!(!(p)))) && (Diamond(Diamond(⊥)) <-> Diamond(w)))),((((((u --> (Box((((p --> ⊥) --> ⊥) --> ⊥)) --> ⊥)) --> (((Box((((p --> ⊥) --> ⊥) --> ⊥)) --> ⊥) --> u) --> ⊥)) --> ⊥) --> (((((Box(((Box((⊥ --> ⊥)) --> ⊥) --> ⊥)) --> ⊥) --> (Box((w --> ⊥)) --> ⊥)) --> (((Box((w --> ⊥)) --> ⊥) --> (Box(((Box((⊥ --> ⊥)) --> ⊥) --> ⊥)) --> ⊥)) --> ⊥)) --> ⊥) --> ⊥)) --> ⊥) --> ⊥),77
14,(Diamond((Diamond(z) <-> z)) --> ((s && Diamond(q)) <-> (t <-> ⊥))),((Box((((((Box((z --> ⊥)) --> ⊥) --> z) --> ((z --> (Box((z --> ⊥)) --> ⊥)) --> ⊥)) --> ⊥) --> ⊥)) --> ⊥) --> (((((s --> ((Box((q --> ⊥)) --> ⊥) --> ⊥)) --> ⊥) --> (((t --> ⊥) --> ((⊥ --> t) --> ⊥)) --> ⊥)) --> (((((t --> ⊥) --> ((⊥ --> t) --> ⊥)) --> ⊥) --> ((s --> ((Box((q --> ⊥)) --> ⊥) --> ⊥)) --> ⊥)) --> ⊥)) --> ⊥)),80
14,(Box(!(t)) <-> (!((p && Box(p))) <-> !((y || r)))),(((Box((t --> ⊥)) --> ((((((p --> (Box(p) --> ⊥)) --> ⊥) --> ⊥) --> (((y --> ⊥) --> r) --> ⊥)) --> (((((y --> ⊥) --> r) --> ⊥) --> (((p --> (Box(p) --> ⊥)) --> ⊥) --> ⊥)) --> ⊥)) --> ⊥)) --> ((((((((p --> (Box(p) --> ⊥)) --> ⊥) --> ⊥) --> (((y --> ⊥) --> r) --> ⊥)) --> (((((y --> ⊥) --> r) --> ⊥) --> (((p --> (Box(p) --> ⊥)) --> ⊥) --> ⊥)) --> ⊥)) --> ⊥) --> Box((t --> ⊥))) --> ⊥)) --> ⊥),97
14,(Box(!(Diamond(!((Box(⊥) --> p))))) <-> (w <-> Diamond(Diamond(y)))),(((Box(((Box((((Box(⊥) --> p) --> ⊥) --> ⊥)) --> ⊥) --> ⊥)) --> (((w --> (Box(((Box((y --> ⊥)) --> ⊥) --> ⊥)) --> ⊥)) --> (((Box(((Box((y --> ⊥)) --> ⊥) --> ⊥)) --> ⊥) --> w) --> ⊥)) --> ⊥)) --> (((((w --> (Box(((Box((y --> ⊥)) --> ⊥) --> ⊥)) --> ⊥)) --> (((Box(((Box((y --> ⊥)) --> ⊥) --> ⊥)) --> ⊥) --> w) --> ⊥)) --> ⊥) --> Box(((Box((((Box(⊥) --> p) --> ⊥) --> ⊥)) --> ⊥) --> ⊥))) --> ⊥)) --> ⊥),97
14,(((u && x) || Box((Diamond(t) <-> r))) <-> (⊥ || Diamond(v))),(((((((u --> (x --> ⊥)) --> ⊥) --> ⊥) --> Box(((((Box((t --> ⊥)) --> ⊥) --> r) --> ((r --> (Box((t --> ⊥)) --> ⊥)) --> ⊥)) --> ⊥))) --> ((⊥ --> ⊥) --> (Box((v --> ⊥)) --> ⊥))) --> ((((⊥ --> ⊥) --> (Box((v --> ⊥)) --> ⊥)) --> ((((u --> (x --> ⊥)) --> ⊥) --> ⊥) --> Box(((((Box((t --> ⊥)) --> ⊥) --> r) --> ((r --> (Box((t --> ⊥)) --> ⊥)) --> ⊥)) --> ⊥)))) --> ⊥)) --> ⊥),91
14,(Diamond(!(t)) <-> (((w <-> Diamond(z)) --> !(q)) || !(t))),((((Box(((t --> ⊥) --> ⊥)) --> ⊥) --> ((((((w --> (Box((z --> ⊥)) --> ⊥)) --> (((Box((z --> ⊥)) --> ⊥) --> w) --> ⊥)) --> ⊥) --> (q --> ⊥)) --> ⊥) --> (t --> ⊥))) --> ((((((((w --> (Box((z --> ⊥)) --> ⊥)) --> (((Box((z --> ⊥)) --> ⊥) --> w) --> ⊥)) --> ⊥) --> (q --> ⊥)) --> ⊥) --> (t --> ⊥)) --> (Box(((t --> ⊥) --> ⊥)) --> ⊥)) --> ⊥)) --> ⊥),85
14,(!(Diamond(((Diamond(p) --> v) && (!(p) --> Diamond(q))))) || ⊥),((((Box((((((Box((p --> ⊥)) --> ⊥) --> v) --> (((p --> ⊥) --> (Box((q --> ⊥)) --> ⊥)) --> ⊥)) --> ⊥) --> ⊥)) --> ⊥) --> ⊥) --> ⊥) --> ⊥),34
14,((Box(t) --> (q <-> (s <-> Diamond(p)))) && (Diamond(y) || u)),(((Box(t) --> (((q --> (((s --> (Box((p --> ⊥)) --> ⊥)) --> (((Box((p --> ⊥)) --> ⊥) --> s) --> ⊥)) --> ⊥)) --> (((((s --> (Box((p --> ⊥)) --> ⊥)) --> (((Box((p --> ⊥)) --> ⊥) --> s) --> ⊥)) --> ⊥) --> q) --> ⊥)) --> ⊥)) --> ((((Box((y --> ⊥)) --> ⊥) --> ⊥) --> u) --> ⊥)) --> ⊥),69
14,((Diamond(u) || (w || (p || Diamond(Diamond(q))))) <-> (p <-> ⊥)),((((((Box((u --> ⊥)) --> ⊥) --> ⊥) --> ((w --> ⊥) --> ((p --> ⊥) --> (Box(((Box((q --> ⊥)) --> ⊥) --> ⊥)) --> ⊥)))) --> (((p --> ⊥) --> ((⊥ --> p) --> ⊥)) --> ⊥)) --> (((((p --> ⊥) --> ((⊥ --> p) --> ⊥)) --> ⊥) --> (((Box((u --> ⊥)) --> ⊥) --> ⊥) --> ((w --> ⊥) --> ((p --> ⊥) --> (Box(((Box((q --> ⊥)) --> ⊥) --> ⊥)) --> ⊥))))) --> ⊥)) --> ⊥),85
14,(Box(Box(p)) || (Box((q --> (Diamond(t) && Diamond(z)))) --> t)),((Box(Box(p)) --> ⊥) --> (Box((q --> (((Box((t --> ⊥)) --> ⊥) --> ((Box((z --> ⊥)) --> ⊥) --> ⊥)) --> ⊥))) --> t)),28
14,(Box(q) --> Box(Box((Diamond(q) && Box(Box((Box(⊥) && ⊥))))))),(Box(q) --> Box(Box((((Box((q --> ⊥)) --> ⊥) --> (Box(Box(((Box(⊥) --> (⊥ --> ⊥)) --> ⊥))) --> ⊥)) --> ⊥)))),26
14,((Box((x <-> Diamond(s))) --> Diamond((u --> Diamond(Diamond(y))))) <-> s),((((Box((((x --> (Box((s --> ⊥)) --> ⊥)) --> (((Box((s --> ⊥)) --> ⊥) --> x) --> ⊥)) --> ⊥)) --> (Box(((u --> (Box(((Box((y --> ⊥)) --> ⊥) --> ⊥)) --> ⊥)) --> ⊥)) --> ⊥)) --> s) --> ((s --> (Box((((x --> (Box((s --> ⊥)) --> ⊥)) --> (((Box((s --> ⊥)) --> ⊥) --> x) --> ⊥)) --> ⊥)) --> (Box(((u --> (Box(((Box((y --> ⊥)) --> ⊥) --> ⊥)) --> ⊥)) --> ⊥)) --> ⊥))) --> ⊥)) --> ⊥),91
14,(q <-> ((Box(!(!(Diamond(Box(y))))) --> Diamond(Box(t))) <-> ⊥)),(((q --> ((((Box((((Box((Box(y) --> ⊥)) --> ⊥) --> ⊥) --> ⊥)) --> (Box((Box(t) --> ⊥)) --> ⊥)) --> ⊥) --> ((⊥ --> (Box((((Box((Box(y) --> ⊥)) --> ⊥) --> ⊥) --> ⊥)) --> (Box((Box(t) --> ⊥)) --> ⊥))) --> ⊥)) --> ⊥)) --> ((((((Box((((Box((Box(y) --> ⊥)) --> ⊥) --> ⊥) --> ⊥)) --> (Box((Box(t) --> ⊥)) --> ⊥)) --> ⊥) --> ((⊥ --> (Box((((Box((Box(y) --> ⊥)) --> ⊥) --> ⊥) --> ⊥)) --> (Box((Box(t) --> ⊥)) --> ⊥))) --> ⊥)) --> ⊥) --> q) --> ⊥)) --> ⊥),107
14,Box((Box(w) && ((r && s) --> (Diamond(v) --> Box(Diamond(s)))))),Box(((Box(w) --> ((((r --> (s --> ⊥)) --> ⊥) --> ((Box((v --> ⊥)) --> ⊥) --> Box((Box((s --> ⊥)) --> ⊥)))) --> ⊥)) --> ⊥)),30
14,(Diamond(y) <-> (!(!(r)) --> ((x && x) --> Diamond(Diamond(⊥))))),((((Box((y --> ⊥)) --> ⊥) --> (((r --> ⊥) --> ⊥) --> (((x --> (x --> ⊥)) --> ⊥) --> (Box(((Box((⊥ --> ⊥)) --> ⊥) --> ⊥)) --> ⊥)))) --> (((((r --> ⊥) --> ⊥) --> (((x --> (x --> ⊥)) --> ⊥) --> (Box(((Box((⊥ --> ⊥)) --> ⊥) --> ⊥)) --> ⊥))) --> (Box((y --> ⊥)) --> ⊥)) --> ⊥)) --> ⊥),69
14,(!((!((t && Diamond(x))) || (Box(⊥) || Box(p)))) <-> r),(((((((((t --> ((Box((x --> ⊥)) --> ⊥) --> ⊥)) --> ⊥) --> ⊥) --> ⊥) --> ((Box(⊥) --> ⊥) --> Box(p))) --> ⊥) --> r) --> ((r --> ((((((t --> ((Box((x --> ⊥)) --> ⊥) --> ⊥)) --> ⊥) --> ⊥) --> ⊥) --> ((Box(⊥) --> ⊥) --> Box(p))) --> ⊥)) --> ⊥)) --> ⊥),61
14,!((Diamond(t) <-> Box((r --> Diamond(Box(!((Box(t) || s)))))))),(((((Box((t --> ⊥)) --> ⊥) --> Box((r --> (Box((Box((((Box(t) --> ⊥) --> s) --> ⊥)) --> ⊥)) --> ⊥)))) --> ((Box((r --> (Box((Box((((Box(t) --> ⊥) --> s) --> ⊥)) --> ⊥)) --> ⊥))) --> (Box((t --> ⊥)) --> ⊥)) --> ⊥)) --> ⊥) --> ⊥),55
14,(((Diamond(s) --> u) <-> (Box(p) && Box(x))) && Diamond(!(t))),(((((((Box((s --> ⊥)) --> ⊥) --> u) --> ((Box(p) --> (Box(x) --> ⊥)) --> ⊥)) --> ((((Box(p) --> (Box(x) --> ⊥)) --> ⊥) --> ((Box((s --> ⊥)) --> ⊥) --> u)) --> ⊥)) --> ⊥) --> ((Box(((t --> ⊥) --> ⊥)) --> ⊥) --> ⊥)) --> ⊥),54
14,(((Diamond(y) --> Box(x)) || Diamond(((v <-> x) && p))) || v),((((((Box((y --> ⊥)) --> ⊥) --> Box(x)) --> ⊥) --> (Box(((((((v --> x) --> ((x --> v) --> ⊥)) --> ⊥) --> (p --> ⊥)) --> ⊥) --> ⊥)) --> ⊥)) --> ⊥) --> v),38
14,(Diamond(r) && (!(Box(Box(⊥))) --> (Diamond(Diamond(Box(v))) || ⊥))),(((Box((r --> ⊥)) --> ⊥) --> (((Box(Box(⊥)) --> ⊥) --> (((Box(((Box((Box(v) --> ⊥)) --> ⊥) --> ⊥)) --> ⊥) --> ⊥) --> ⊥)) --> ⊥)) --> ⊥),33
14,(((w <-> Diamond(Diamond(Box(w)))) && t) && !((t || Diamond(⊥)))),(((((((w --> (Box(((Box((Box(w) --> ⊥)) --> ⊥) --> ⊥)) --> ⊥)) --> (((Box(((Box((Box(w) --> ⊥)) --> ⊥) --> ⊥)) --> ⊥) --> w) --> ⊥)) --> ⊥) --> (t --> ⊥)) --> ⊥) --> ((((t --> ⊥) --> (Box((⊥ --> ⊥)) --> ⊥)) --> ⊥) --> ⊥)) --> ⊥),56
14,((Box(Box(⊥)) || (s || u)) <-> (!(p) --> (p && x))),(((((Box(Box(⊥)) --> ⊥) --> ((s --> ⊥) --> u)) --> ((p --> ⊥) --> ((p --> (x --> ⊥)) --> ⊥))) --> ((((p --> ⊥) --> ((p --> (x --> ⊥)) --> ⊥)) --> ((Box(Box(⊥)) --> ⊥) --> ((s --> ⊥) --> u))) --> ⊥)) --> ⊥),51
14,((p || q) <-> ((w && z) || (Box(!(!(⊥))) --> v))),(((((p --> ⊥) --> q) --> ((((w --> (z --> ⊥)) --> ⊥) --> ⊥) --> (Box(((⊥ --> ⊥) --> ⊥)) --> v))) --> ((((((w --> (z --> ⊥)) --> ⊥) --> ⊥) --> (Box(((⊥ --> ⊥) --> ⊥)) --> v)) --> ((p --> ⊥) --> q)) --> ⊥)) --> ⊥),53
14,((Box((v || !((!(⊥) || !(u))))) <-> Diamond(⊥)) || s),(((((Box(((v --> ⊥) --> ((((⊥ --> ⊥) --> ⊥) --> (u --> ⊥)) --> ⊥))) --> (Box((⊥ --> ⊥)) --> ⊥)) --> (((Box((⊥ --> ⊥)) --> ⊥) --> Box(((v --> ⊥) --> ((((⊥ --> ⊥) --> ⊥) --> (u --> ⊥)) --> ⊥)))) --> ⊥)) --> ⊥) --> ⊥) --> s),55
14,((Diamond(⊥) --> !((Diamond(((⊥ --> ⊥) --> r)) --> q))) <-> x),(((((Box((⊥ --> ⊥)) --> ⊥) --> (((Box((((⊥ --> ⊥) --> r) --> ⊥)) --> ⊥) --> q) --> ⊥)) --> x) --> ((x --> ((Box((⊥ --> ⊥)) --> ⊥) --> (((Box((((⊥ --> ⊥) --> r) --> ⊥)) --> ⊥) --> q) --> ⊥))) --> ⊥)) --> ⊥),51
14,Box(((!(p) && Box((y --> s))) && (!(t) && !(t)))),Box((((((p --> ⊥) --> (Box((y --> s)) --> ⊥)) --> ⊥) --> ((((t --> ⊥) --> ((t --> ⊥) --> ⊥)) --> ⊥) --> ⊥)) --> ⊥)),29
14,(x || (Box((!(u) --> !((!(q) || u)))) <-> Diamond(r))),((x --> ⊥) --> (((Box(((u --> ⊥) --> ((((q --> ⊥) --> ⊥) --> u) --> ⊥))) --> (Box((r --> ⊥)) --> ⊥)) --> (((Box((r --> ⊥)) --> ⊥) --> Box(((u --> ⊥) --> ((((q --> ⊥) --> ⊥) --> u) --> ⊥)))) --> ⊥)) --> ⊥)),51
14,(Diamond(r) --> (q && ((q || (q || ⊥)) || Diamond(Box(⊥))))),((Box((r --> ⊥)) --> ⊥) --> ((q --> (((((q --> ⊥) --> ((q --> ⊥) --> ⊥)) --> ⊥) --> (Box((Box(⊥) --> ⊥)) --> ⊥)) --> ⊥)) --> ⊥)),32
14,(⊥ || (Diamond((⊥ --> s)) <-> Box(Diamond(Box(Box((w <-> x))))))),((⊥ --> ⊥) --> ((((Box(((⊥ --> s) --> ⊥)) --> ⊥) --> Box((Box((Box(Box((((w --> x) --> ((x --> w) --> ⊥)) --> ⊥))) --> ⊥)) --> ⊥))) --> ((Box((Box((Box(Box((((w --> x) --> ((x --> w) --> ⊥)) --> ⊥))) --> ⊥)) --> ⊥)) --> (Box(((⊥ --> s) --> ⊥)) --> ⊥)) --> ⊥)) --> ⊥)),65
14,(Diamond(!((!(Box(Box(Diamond(Box(p))))) && ⊥))) --> (y <-> u)),((Box((((((Box(Box((Box((Box(p) --> ⊥)) --> ⊥))) --> ⊥) --> (⊥ --> ⊥)) --> ⊥) --> ⊥) --> ⊥)) --> ⊥) --> (((y --> u) --> ((u --> y) --> ⊥)) --> ⊥)),36
14,(((q --> Box(z)) <-> Box(⊥)) && ((x && Diamond(s)) --> ⊥)),((((((q --> Box(z)) --> Box(⊥)) --> ((Box(⊥) --> (q --> Box(z))) --> ⊥)) --> ⊥) --> ((((x --> ((Box((s --> ⊥)) --> ⊥) --> ⊥)) --> ⊥) --> ⊥) --> ⊥)) --> ⊥),38
14,((Box((⊥ && t)) && (u <-> z)) --> (v || (⊥ || ⊥))),(((Box(((⊥ --> (t --> ⊥)) --> ⊥)) --> ((((u --> z) --> ((z --> u) --> ⊥)) --> ⊥) --> ⊥)) --> ⊥) --> ((v --> ⊥) --> ((⊥ --> ⊥) --> ⊥))),34
14,((Diamond(Diamond((Box(v) <-> t))) && Box((r || s))) || Box(s)),(((((Box(((Box(((((Box(v) --> t) --> ((t --> Box(v)) --> ⊥)) --> ⊥) --> ⊥)) --> ⊥) --> ⊥)) --> ⊥) --> (Box(((r --> ⊥) --> s)) --> ⊥)) --> ⊥) --> ⊥) --> Box(s)),39
14,((Box(q) --> (((w && w) || ⊥) && ⊥)) || (s || z)),(((Box(q) --> ((((((w --> (w --> ⊥)) --> ⊥) --> ⊥) --> ⊥) --> (⊥ --> ⊥)) --> ⊥)) --> ⊥) --> ((s --> ⊥) --> z)),28
14,(y || (Diamond(v) || (Diamond((z || u)) --> (p --> !(s))))),((y --> ⊥) --> (((Box((v --> ⊥)) --> ⊥) --> ⊥) --> ((Box((((z --> ⊥) --> u) --> ⊥)) --> ⊥) --> (p --> (s --> ⊥))))),29
14,((Diamond(q) <-> ⊥) --> (q || Diamond((Diamond(x) || (⊥ || ⊥))))),(((((Box((q --> ⊥)) --> ⊥) --> ⊥) --> ((⊥ --> (Box((q --> ⊥)) --> ⊥)) --> ⊥)) --> ⊥) --> ((q --> ⊥) --> (Box(((((Box((x --> ⊥)) --> ⊥) --> ⊥) --> ((⊥ --> ⊥) --> ⊥)) --> ⊥)) --> ⊥))),45
14,((q || q) --> (Diamond(Diamond((u && Diamond(Diamond(u))))) || Box(s))),(((q --> ⊥) --> q) --> (((Box(((Box((((u --> ((Box(((Box((u --> ⊥)) --> ⊥) --> ⊥)) --> ⊥) --> ⊥)) --> ⊥) --> ⊥)) --> ⊥) --> ⊥)) --> ⊥) --> ⊥) --> Box(s))),38
14,(Diamond(Diamond(y)) || (Box((!(q) --> r)) --> (Box(⊥) || q))),(((Box(((Box((y --> ⊥)) --> ⊥) --> ⊥)) --> ⊥) --> ⊥) --> (Box(((q --> ⊥) --> r)) --> ((Box(⊥) --> ⊥) --> q))),27
14,((p || r) && (Box(Diamond(Box(Diamond(p)))) || Box((r || r)))),((((p --> ⊥) --> r) --> (((Box((Box((Box((Box((p --> ⊥)) --> ⊥)) --> ⊥)) --> ⊥)) --> ⊥) --> Box(((r --> ⊥) --> r))) --> ⊥)) --> ⊥),32
14,(!((!(Diamond(u)) && !(Box(q)))) && (p --> (w && ⊥))),(((((((Box((u --> ⊥)) --> ⊥) --> ⊥) --> ((Box(q) --> ⊥) --> ⊥)) --> ⊥) --> ⊥) --> ((p --> ((w --> (⊥ --> ⊥)) --> ⊥)) --> ⊥)) --> ⊥),33
14,(((x <-> ⊥) --> !(r)) && (Box(v) --> Diamond((x && r)))),((((((x --> ⊥) --> ((⊥ --> x) --> ⊥)) --> ⊥) --> (r --> ⊥)) --> ((Box(v) --> (Box((((x --> (r --> ⊥)) --> ⊥) --> ⊥)) --> ⊥)) --> ⊥)) --> ⊥),35
14,((v <-> w) && (!((⊥ --> Diamond((Diamond(p) && ⊥)))) --> x)),(((((v --> w) --> ((w --> v) --> ⊥)) --> ⊥) --> ((((⊥ --> (Box(((((Box((p --> ⊥)) --> ⊥) --> (⊥ --> ⊥)) --> ⊥) --> ⊥)) --> ⊥)) --> ⊥) --> x) --> ⊥)) --> ⊥),39
14,((p || Diamond(x)) || ((t || !(Box((s && w)))) && y)),((((p --> ⊥) --> (Box((x --> ⊥)) --> ⊥)) --> ⊥) --> ((((t --> ⊥) --> (Box(((s --> (w --> ⊥)) --> ⊥)) --> ⊥)) --> (y --> ⊥)) --> ⊥)),33
14,((s && t) && (!(Box(Box((!(Box(t)) <-> x)))) && z)),((((s --> (t --> ⊥)) --> ⊥) --> ((((Box(Box(((((Box(t) --> ⊥) --> x) --> ((x --> (Box(t) --> ⊥)) --> ⊥)) --> ⊥))) --> ⊥) --> (z --> ⊥)) --> ⊥) --> ⊥)) --> ⊥),39
14,(!(v) && (q || !((Box(Box(x)) --> (r || !(⊥)))))),(((v --> ⊥) --> (((q --> ⊥) --> ((Box(Box(x)) --> ((r --> ⊥) --> (⊥ --> ⊥))) --> ⊥)) --> ⊥)) --> ⊥),25
14,!(((Box(t) --> v) || (u --> Diamond((Diamond(Box(y)) <-> y))))),((((Box(t) --> v) --> ⊥) --> (u --> (Box((((((Box((Box(y) --> ⊥)) --> ⊥) --> y) --> ((y --> (Box((Box(y) --> ⊥)) --> ⊥)) --> ⊥)) --> ⊥) --> ⊥)) --> ⊥))) --> ⊥),39
14,((Box(!((⊥ && ⊥))) || (⊥ || !(x))) --> (v <-> ⊥)),(((Box((((⊥ --> (⊥ --> ⊥)) --> ⊥) --> ⊥)) --> ⊥) --> ((⊥ --> ⊥) --> (x --> ⊥))) --> (((v --> ⊥) --> ((⊥ --> v) --> ⊥)) --> ⊥)),32
14,((v && Diamond(((!(t) --> (p && q)) <-> !(⊥)))) && p),((((v --> ((Box(((((((t --> ⊥) --> ((p --> (q --> ⊥)) --> ⊥)) --> (⊥ --> ⊥)) --> (((⊥ --> ⊥) --> ((t --> ⊥) --> ((p --> (q --> ⊥)) --> ⊥))) --> ⊥)) --> ⊥) --> ⊥)) --> ⊥) --> ⊥)) --> ⊥) --> (p --> ⊥)) --> ⊥),52
14,((Box(z) --> !(q)) --> (s --> ((q --> u) && Box(x)))),((Box(z) --> (q --> ⊥)) --> (s --> (((q --> u) --> (Box(x) --> ⊥)) --> ⊥))),19
14,!(Diamond((u && Box(!((!((⊥ && !(u))) --> Box(p))))))),((Box((((u --> (Box((((((⊥ --> ((u --> ⊥) --> ⊥)) --> ⊥) --> ⊥) --> Box(p)) --> ⊥)) --> ⊥)) --> ⊥) --> ⊥)) --> ⊥) --> ⊥),30
14,(Diamond(Box((Diamond(q) --> (v || !(⊥))))) --> (q && !(r))),((Box((Box(((Box((q --> ⊥)) --> ⊥) --> ((v --> ⊥) --> (⊥ --> ⊥)))) --> ⊥)) --> ⊥) --> ((q --> ((r --> ⊥) --> ⊥)) --> ⊥)),30
14,Box(Box((y --> (q && (Box(((z --> r) && r)) --> s))))),Box(Box((y --> ((q --> ((Box((((z --> r) --> (r --> ⊥)) --> ⊥)) --> s) --> ⊥)) --> ⊥)))),22
14,((u --> (x || Diamond((!(r) --> Diamond(s))))) --> (z --> q)),((u --> ((x --> ⊥) --> (Box((((r --> ⊥) --> (Box((s --> ⊥)) --> ⊥)) --> ⊥)) --> ⊥))) --> (z --> q)),25
14,(Diamond(((!(⊥) <-> Diamond(t)) <-> !((v && u)))) && Box(⊥)),(((Box(((((((((⊥ --> ⊥) --> (Box((t --> ⊥)) --> ⊥)) --> (((Box((t --> ⊥)) --> ⊥) --> (⊥ --> ⊥)) --> ⊥)) --> ⊥) --> (((v --> (u --> ⊥)) --> ⊥) --> ⊥)) --> (((((v --> (u --> ⊥)) --> ⊥) --> ⊥) --> ((((⊥ --> ⊥) --> (Box((t --> ⊥)) --> ⊥)) --> (((Box((t --> ⊥)) --> ⊥) --> (⊥ --> ⊥)) --> ⊥)) --> ⊥)) --> ⊥)) --> ⊥) --> ⊥)) --> ⊥) --> (Box(⊥) --> ⊥)) --> ⊥),87
14,Box((Diamond((⊥ --> (p && Diamond(p)))) && Diamond((⊥ && Diamond(v))))),Box((((Box(((⊥ --> ((p --> ((Box((p --> ⊥)) --> ⊥) --> ⊥)) --> ⊥)) --> ⊥)) --> ⊥) --> ((Box((((⊥ --> ((Box((v --> ⊥)) --> ⊥) --> ⊥)) --> ⊥) --> ⊥)) --> ⊥) --> ⊥)) --> ⊥)),42
14,Box(!((Box(((Diamond(⊥) --> u) <-> (Diamond(q) || x))) || u))),Box((((Box((((((Box((⊥ --> ⊥)) --> ⊥) --> u) --> (((Box((q --> ⊥)) --> ⊥) --> ⊥) --> x)) --> (((((Box((q --> ⊥)) --> ⊥) --> ⊥) --> x) --> ((Box((⊥ --> ⊥)) --> ⊥) --> u)) --> ⊥)) --> ⊥)) --> ⊥) --> u) --> ⊥)),51
14,Box((Diamond((Box((z <-> t)) || Box((u --> Box(u))))) || ⊥)),Box((((Box((((Box((((z --> t) --> ((t --> z) --> ⊥)) --> ⊥)) --> ⊥) --> Box((u --> Box(u)))) --> ⊥)) --> ⊥) --> ⊥) --> ⊥)),30
14,!((Box((z --> (u || v))) --> (p || (Diamond(y) --> y)))),((Box((z --> ((u --> ⊥) --> v))) --> ((p --> ⊥) --> ((Box((y --> ⊥)) --> ⊥) --> y))) --> ⊥),23
14,Box(Diamond(!(((⊥ --> s) --> ((y --> w) <-> (r && w)))))),Box((Box(((((⊥ --> s) --> ((((y --> w) --> ((r --> (w --> ⊥)) --> ⊥)) --> ((((r --> (w --> ⊥)) --> ⊥) --> (y --> w)) --> ⊥)) --> ⊥)) --> ⊥) --> ⊥)) --> ⊥)),39
14,Box(Diamond(!(Diamond(((y <-> ⊥) || Box(!(Diamond((⊥ && u))))))))),Box((Box((((Box(((((((y --> ⊥) --> ((⊥ --> y) --> ⊥)) --> ⊥) --> ⊥) --> Box(((Box((((⊥ --> (u --> ⊥)) --> ⊥) --> ⊥)) --> ⊥) --> ⊥))) --> ⊥)) --> ⊥) --> ⊥) --> ⊥)) --> ⊥)),42
14,Diamond((Box(u) <-> ((Box(Box(u)) <-> ⊥) <-> Diamond((r <-> w))))),(Box(((((Box(u) --> ((((((Box(Box(u)) --> ⊥) --> ((⊥ --> Box(Box(u))) --> ⊥)) --> ⊥) --> (Box(((((r --> w) --> ((w --> r) --> ⊥)) --> ⊥) --> ⊥)) --> ⊥)) --> (((Box(((((r --> w) --> ((w --> r) --> ⊥)) --> ⊥) --> ⊥)) --> ⊥) --> (((Box(Box(u)) --> ⊥) --> ((⊥ --> Box(Box(u))) --> ⊥)) --> ⊥)) --> ⊥)) --> ⊥)) --> ((((((((Box(Box(u)) --> ⊥) --> ((⊥ --> Box(Box(u))) --> ⊥)) --> ⊥) --> (Box(((((r --> w) --> ((w --> r) --> ⊥)) --> ⊥) --> ⊥)) --> ⊥)) --> (((Box(((((r --> w) --> ((w --> r) --> ⊥)) --> ⊥) --> ⊥)) --> ⊥) --> (((Box(Box(u)) --> ⊥) --> ((⊥ --> Box(Box(u))) --> ⊥)) --> ⊥)) --> ⊥)) --> ⊥) --> Box(u)) --> ⊥)) --> ⊥) --> ⊥)) --> ⊥),154
14,Box(Diamond((Diamond((!(x) <-> ⊥)) || ((s || z) && !(y))))),Box((Box(((((Box((((((x --> ⊥) --> ⊥) --> ((⊥ --> (x --> ⊥)) --> ⊥)) --> ⊥) --> ⊥)) --> ⊥) --> ⊥) --> ((((s --> ⊥) --> z) --> ((y --> ⊥) --> ⊥)) --> ⊥)) --> ⊥)) --> ⊥)),42
14,Diamond((Box((q || (p || w))) || ((r <-> Box(s)) && r))),(Box((((Box(((q --> ⊥) --> ((p --> ⊥) --> w))) --> ⊥) --> (((((r --> Box(s)) --> ((Box(s) --> r) --> ⊥)) --> ⊥) --> (r --> ⊥)) --> ⊥)) --> ⊥)) --> ⊥),37
14,Diamond((Diamond(!(q)) && Box((!(!(z)) <-> (r && Diamond(y)))))),(Box(((((Box(((q --> ⊥) --> ⊥)) --> ⊥) --> (Box((((((z --> ⊥) --> ⊥) --> ((r --> ((Box((y --> ⊥)) --> ⊥) --> ⊥)) --> ⊥)) --> ((((r --> ((Box((y --> ⊥)) --> ⊥) --> ⊥)) --> ⊥) --> ((z --> ⊥) --> ⊥)) --> ⊥)) --> ⊥)) --> ⊥)) --> ⊥) --> ⊥)) --> ⊥),60
14,Diamond(Box(((Diamond(y) && Diamond(⊥)) <-> Box(Diamond((Box(⊥) && y)))))),(Box((Box(((((((Box((y --> ⊥)) --> ⊥) --> ((Box((⊥ --> ⊥)) --> ⊥) --> ⊥)) --> ⊥) --> Box((Box((((Box(⊥) --> (y --> ⊥)) --> ⊥) --> ⊥)) --> ⊥))) --> ((Box((Box((((Box(⊥) --> (y --> ⊥)) --> ⊥) --> ⊥)) --> ⊥)) --> (((Box((y --> ⊥)) --> ⊥) --> ((Box((⊥ --> ⊥)) --> ⊥) --> ⊥)) --> ⊥)) --> ⊥)) --> ⊥)) --> ⊥)) --> ⊥),75
14,Diamond(!(((((⊥ && x) && !((r && ⊥))) || t) <-> p))),(Box((((((((((((⊥ --> (x --> ⊥)) --> ⊥) --> ((((r --> (⊥ --> ⊥)) --> ⊥) --> ⊥) --> ⊥)) --> ⊥) --> ⊥) --> t) --> p) --> ((p --> ((((((⊥ --> (x --> ⊥)) --> ⊥) --> ((((r --> (⊥ --> ⊥)) --> ⊥) --> ⊥) --> ⊥)) --> ⊥) --> ⊥) --> t)) --> ⊥)) --> ⊥) --> ⊥) --> ⊥)) --> ⊥),66
14,Diamond(((⊥ || y) <-> Diamond((w && (v --> (⊥ || Box(u))))))),(Box(((((((⊥ --> ⊥) --> y) --> (Box((((w --> ((v --> ((⊥ --> ⊥) --> Box(u))) --> ⊥)) --> ⊥) --> ⊥)) --> ⊥)) --> (((Box((((w --> ((v --> ((⊥ --> ⊥) --> Box(u))) --> ⊥)) --> ⊥) --> ⊥)) --> ⊥) --> ((⊥ --> ⊥) --> y)) --> ⊥)) --> ⊥) --> ⊥)) --> ⊥),60
14,Diamond(((Box((q <-> ⊥)) || Diamond(!((q --> x)))) && Diamond(t))),(Box((((((Box((((q --> ⊥) --> ((⊥ --> q) --> ⊥)) --> ⊥)) --> ⊥) --> (Box((((q --> x) --> ⊥) --> ⊥)) --> ⊥)) --> ((Box((t --> ⊥)) --> ⊥) --> ⊥)) --> ⊥) --> ⊥)) --> ⊥),41
14,Diamond((Box(⊥) && (Diamond(Box(s)) --> Box(Box((Diamond(⊥) --> s)))))),(Box((((Box(⊥) --> (((Box((Box(s) --> ⊥)) --> ⊥) --> Box(Box(((Box((⊥ --> ⊥)) --> ⊥) --> s)))) --> ⊥)) --> ⊥) --> ⊥)) --> ⊥),30
14,Diamond((((x --> Diamond(⊥)) || (Diamond(!(p)) --> w)) && !(x))),(Box(((((((x --> (Box((⊥ --> ⊥)) --> ⊥)) --> ⊥) --> ((Box(((p --> ⊥) --> ⊥)) --> ⊥) --> w)) --> ((x --> ⊥) --> ⊥)) --> ⊥) --> ⊥)) --> ⊥),34
14,Diamond((!((t || r)) && Box((⊥ <-> (!(u) && !(⊥)))))),(Box(((((((t --> ⊥) --> r) --> ⊥) --> (Box((((⊥ --> (((u --> ⊥) --> ((⊥ --> ⊥) --> ⊥)) --> ⊥)) --> (((((u --> ⊥) --> ((⊥ --> ⊥) --> ⊥)) --> ⊥) --> ⊥) --> ⊥)) --> ⊥)) --> ⊥)) --> ⊥) --> ⊥)) --> ⊥),49
14,Diamond(Diamond(Diamond((Diamond(⊥) || ((x || Box(⊥)) <-> (v && s)))))),(Box(((Box(((Box(((((Box((⊥ --> ⊥)) --> ⊥) --> ⊥) --> (((((x --> ⊥) --> Box(⊥)) --> ((v --> (s --> ⊥)) --> ⊥)) --> ((((v --> (s --> ⊥)) --> ⊥) --> ((x --> ⊥) --> Box(⊥))) --> ⊥)) --> ⊥)) --> ⊥)) --> ⊥) --> ⊥)) --> ⊥) --> ⊥)) --> ⊥),57
14,Diamond(((z --> v) || (!(Box((Diamond(Box(q)) && s))) --> z))),(Box(((((z --> v) --> ⊥) --> ((Box((((Box((Box(q) --> ⊥)) --> ⊥) --> (s --> ⊥)) --> ⊥)) --> ⊥) --> z)) --> ⊥)) --> ⊥),29
14,Diamond((Box(q) --> Box(((!(Box(!(Box(p)))) <-> s) --> q)))),(Box(((Box(q) --> Box((((((Box((Box(p) --> ⊥)) --> ⊥) --> s) --> ((s --> (Box((Box(p) --> ⊥)) --> ⊥)) --> ⊥)) --> ⊥) --> q))) --> ⊥)) --> ⊥),34
14,Diamond(((((Diamond(y) --> (q || q)) --> x) || u) --> Box(s))),(Box((((((((Box((y --> ⊥)) --> ⊥) --> ((q --> ⊥) --> q)) --> x) --> ⊥) --> u) --> Box(s)) --> ⊥)) --> ⊥),26
14,,,-1
14,,,-1
14,,,-1
14,,,-1
14,,,-1
15,(Diamond(Diamond((Box(Box(⊥)) <-> Diamond(z)))) <-> Box(Box((q <-> Diamond(v))))),((((Box(((Box(((((Box(Box(⊥)) --> (Box((z --> ⊥)) --> ⊥)) --> (((Box((z --> ⊥)) --> ⊥) --> Box(Box(⊥))) --> ⊥)) --> ⊥) --> ⊥)) --> ⊥) --> ⊥)) --> ⊥) --> Box(Box((((q --> (Box((v --> ⊥)) --> ⊥)) --> (((Box((v --> ⊥)) --> ⊥) --> q) --> ⊥)) --> ⊥)))) --> ((Box(Box((((q --> (Box((v --> ⊥)) --> ⊥)) --> (((Box((v --> ⊥)) --> ⊥) --> q) --> ⊥)) --> ⊥))) --> (Box(((Box(((((Box(Box(⊥)) --> (Box((z --> ⊥)) --> ⊥)) --> (((Box((z --> ⊥)) --> ⊥) --> Box(Box(⊥))) --> ⊥)) --> ⊥) --> ⊥)) --> ⊥) --> ⊥)) --> ⊥)) --> ⊥)) --> ⊥),123
15,(Box((t && (Diamond(t) <-> (!(q) --> u)))) <-> (Box(w) || r)),(((Box(((t --> (((((Box((t --> ⊥)) --> ⊥) --> ((q --> ⊥) --> u)) --> ((((q --> ⊥) --> u) --> (Box((t --> ⊥)) --> ⊥)) --> ⊥)) --> ⊥) --> ⊥)) --> ⊥)) --> ((Box(w) --> ⊥) --> r)) --> ((((Box(w) --> ⊥) --> r) --> Box(((t --> (((((Box((t --> ⊥)) --> ⊥) --> ((q --> ⊥) --> u)) --> ((((q --> ⊥) --> u) --> (Box((t --> ⊥)) --> ⊥)) --> ⊥)) --> ⊥) --> ⊥)) --> ⊥))) --> ⊥)) --> ⊥),91
15,(Box(v) || (Diamond(p) <-> ((Diamond(v) <-> (Box(t) && q)) --> y))),((Box(v) --> ⊥) --> ((((Box((p --> ⊥)) --> ⊥) --> (((((Box((v --> ⊥)) --> ⊥) --> ((Box(t) --> (q --> ⊥)) --> ⊥)) --> ((((Box(t) --> (q --> ⊥)) --> ⊥) --> (Box((v --> ⊥)) --> ⊥)) --> ⊥)) --> ⊥) --> y)) --> (((((((Box((v --> ⊥)) --> ⊥) --> ((Box(t) --> (q --> ⊥)) --> ⊥)) --> ((((Box(t) --> (q --> ⊥)) --> ⊥) --> (Box((v --> ⊥)) --> ⊥)) --> ⊥)) --> ⊥) --> y) --> (Box((p --> ⊥)) --> ⊥)) --> ⊥)) --> ⊥)),98
15,(Diamond((v || ((q && ⊥) <-> Box((!(v) && p))))) <-> Diamond(u)),((((Box((((v --> ⊥) --> (((((q --> (⊥ --> ⊥)) --> ⊥) --> Box((((v --> ⊥) --> (p --> ⊥)) --> ⊥))) --> ((Box((((v --> ⊥) --> (p --> ⊥)) --> ⊥)) --> ((q --> (⊥ --> ⊥)) --> ⊥)) --> ⊥)) --> ⊥)) --> ⊥)) --> ⊥) --> (Box((u --> ⊥)) --> ⊥)) --> (((Box((u --> ⊥)) --> ⊥) --> (Box((((v --> ⊥) --> (((((q --> (⊥ --> ⊥)) --> ⊥) --> Box((((v --> ⊥) --> (p --> ⊥)) --> ⊥))) --> ((Box((((v --> ⊥) --> (p --> ⊥)) --> ⊥)) --> ((q --> (⊥ --> ⊥)) --> ⊥)) --> ⊥)) --> ⊥)) --> ⊥)) --> ⊥)) --> ⊥)) --> ⊥),119
15,((u <-> ((u || !((v || w))) || !(Box(⊥)))) <-> Diamond(p)),((((((u --> ((((u --> ⊥) --> (((v --> ⊥) --> w) --> ⊥)) --> ⊥) --> (Box(⊥) --> ⊥))) --> ((((((u --> ⊥) --> (((v --> ⊥) --> w) --> ⊥)) --> ⊥) --> (Box(⊥) --> ⊥)) --> u) --> ⊥)) --> ⊥) --> (Box((p --> ⊥)) --> ⊥)) --> (((Box((p --> ⊥)) --> ⊥) --> (((u --> ((((u --> ⊥) --> (((v --> ⊥) --> w) --> ⊥)) --> ⊥) --> (Box(⊥) --> ⊥))) --> ((((((u --> ⊥) --> (((v --> ⊥) --> w) --> ⊥)) --> ⊥) --> (Box(⊥) --> ⊥)) --> u) --> ⊥)) --> ⊥)) --> ⊥)) --> ⊥),109
15,(!(!((Box(q) <-> (Box((s <-> w)) && z)))) <-> (s || v)),((((((((Box(q) --> ((Box((((s --> w) --> ((w --> s) --> ⊥)) --> ⊥)) --> (z --> ⊥)) --> ⊥)) --> ((((Box((((s --> w) --> ((w --> s) --> ⊥)) --> ⊥)) --> (z --> ⊥)) --> ⊥) --> Box(q)) --> ⊥)) --> ⊥) --> ⊥) --> ⊥) --> ((s --> ⊥) --> v)) --> ((((s --> ⊥) --> v) --> (((((Box(q) --> ((Box((((s --> w) --> ((w --> s) --> ⊥)) --> ⊥)) --> (z --> ⊥)) --> ⊥)) --> ((((Box((((s --> w) --> ((w --> s) --> ⊥)) --> ⊥)) --> (z --> ⊥)) --> ⊥) --> Box(q)) --> ⊥)) --> ⊥) --> ⊥) --> ⊥)) --> ⊥)) --> ⊥),119
15,(Diamond(w) <-> (!((Box(!(y)) || Box((x --> u)))) <-> Diamond(⊥))),((((Box((w --> ⊥)) --> ⊥) --> ((((((Box((y --> ⊥)) --> ⊥) --> Box((x --> u))) --> ⊥) --> (Box((⊥ --> ⊥)) --> ⊥)) --> (((Box((⊥ --> ⊥)) --> ⊥) --> (((Box((y --> ⊥)) --> ⊥) --> Box((x --> u))) --> ⊥)) --> ⊥)) --> ⊥)) --> ((((((((Box((y --> ⊥)) --> ⊥) --> Box((x --> u))) --> ⊥) --> (Box((⊥ --> ⊥)) --> ⊥)) --> (((Box((⊥ --> ⊥)) --> ⊥) --> (((Box((y --> ⊥)) --> ⊥) --> Box((x --> u))) --> ⊥)) --> ⊥)) --> ⊥) --> (Box((w --> ⊥)) --> ⊥)) --> ⊥)) --> ⊥),109
15,(((y --> (Diamond(Diamond(s)) <-> y)) <-> (x --> r)) || (s || w)),((((((y --> ((((Box(((Box((s --> ⊥)) --> ⊥) --> ⊥)) --> ⊥) --> y) --> ((y --> (Box(((Box((s --> ⊥)) --> ⊥) --> ⊥)) --> ⊥)) --> ⊥)) --> ⊥)) --> (x --> r)) --> (((x --> r) --> (y --> ((((Box(((Box((s --> ⊥)) --> ⊥) --> ⊥)) --> ⊥) --> y) --> ((y --> (Box(((Box((s --> ⊥)) --> ⊥) --> ⊥)) --> ⊥)) --> ⊥)) --> ⊥))) --> ⊥)) --> ⊥) --> ⊥) --> ((s --> ⊥) --> w)),87
15,((Diamond(t) <-> ⊥) <-> (t && (Box((Diamond(p) --> q)) || Diamond(⊥)))),(((((((Box((t --> ⊥)) --> ⊥) --> ⊥) --> ((⊥ --> (Box((t --> ⊥)) --> ⊥)) --> ⊥)) --> ⊥) --> ((t --> (((Box(((Box((p --> ⊥)) --> ⊥) --> q)) --> ⊥) --> (Box((⊥ --> ⊥)) --> ⊥)) --> ⊥)) --> ⊥)) --> ((((t --> (((Box(((Box((p --> ⊥)) --> ⊥) --> q)) --> ⊥) --> (Box((⊥ --> ⊥)) --> ⊥)) --> ⊥)) --> ⊥) --> ((((Box((t --> ⊥)) --> ⊥) --> ⊥) --> ((⊥ --> (Box((t --> ⊥)) --> ⊥)) --> ⊥)) --> ⊥)) --> ⊥)) --> ⊥),97
15,((((t || s) <-> ((q <-> ⊥) || x)) --> r) && Box(Diamond(p))),((((((((t --> ⊥) --> s) --> (((((q --> ⊥) --> ((⊥ --> q) --> ⊥)) --> ⊥) --> ⊥) --> x)) --> (((((((q --> ⊥) --> ((⊥ --> q) --> ⊥)) --> ⊥) --> ⊥) --> x) --> ((t --> ⊥) --> s)) --> ⊥)) --> ⊥) --> r) --> (Box((Box((p --> ⊥)) --> ⊥)) --> ⊥)) --> ⊥),61
15,(!((Box(u) <-> r)) --> Diamond((Diamond((⊥ <-> (q <-> u))) --> ⊥))),(((((Box(u) --> r) --> ((r --> Box(u)) --> ⊥)) --> ⊥) --> ⊥) --> (Box((((Box(((((⊥ --> (((q --> u) --> ((u --> q) --> ⊥)) --> ⊥)) --> (((((q --> u) --> ((u --> q) --> ⊥)) --> ⊥) --> ⊥) --> ⊥)) --> ⊥) --> ⊥)) --> ⊥) --> ⊥) --> ⊥)) --> ⊥)),59
15,((Diamond(y) --> !(v)) && Box(!(!(((Box(⊥) <-> ⊥) <-> x))))),((((Box((y --> ⊥)) --> ⊥) --> (v --> ⊥)) --> (Box(((((((((Box(⊥) --> ⊥) --> ((⊥ --> Box(⊥)) --> ⊥)) --> ⊥) --> x) --> ((x --> (((Box(⊥) --> ⊥) --> ((⊥ --> Box(⊥)) --> ⊥)) --> ⊥)) --> ⊥)) --> ⊥) --> ⊥) --> ⊥)) --> ⊥)) --> ⊥),55
15,((Box(y) <-> p) --> ((!(x) --> ((z <-> q) <-> ⊥)) --> ⊥)),((((Box(y) --> p) --> ((p --> Box(y)) --> ⊥)) --> ⊥) --> (((x --> ⊥) --> ((((((z --> q) --> ((q --> z) --> ⊥)) --> ⊥) --> ⊥) --> ((⊥ --> (((z --> q) --> ((q --> z) --> ⊥)) --> ⊥)) --> ⊥)) --> ⊥)) --> ⊥)),51
15,((!(Diamond(w)) --> (Box(Box(r)) --> q)) <-> (z <-> Box(Diamond(⊥)))),((((((Box((w --> ⊥)) --> ⊥) --> ⊥) --> (Box(Box(r)) --> q)) --> (((z --> Box((Box((⊥ --> ⊥)) --> ⊥))) --> ((Box((Box((⊥ --> ⊥)) --> ⊥)) --> z) --> ⊥)) --> ⊥)) --> (((((z --> Box((Box((⊥ --> ⊥)) --> ⊥))) --> ((Box((Box((⊥ --> ⊥)) --> ⊥)) --> z) --> ⊥)) --> ⊥) --> (((Box((w --> ⊥)) --> ⊥) --> ⊥) --> (Box(Box(r)) --> q))) --> ⊥)) --> ⊥),81
15,((Box(Diamond(⊥)) || (!(s) && (⊥ <-> ⊥))) <-> !((q && v))),(((((Box((Box((⊥ --> ⊥)) --> ⊥)) --> ⊥) --> (((s --> ⊥) --> ((((⊥ --> ⊥) --> ((⊥ --> ⊥) --> ⊥)) --> ⊥) --> ⊥)) --> ⊥)) --> (((q --> (v --> ⊥)) --> ⊥) --> ⊥)) --> (((((q --> (v --> ⊥)) --> ⊥) --> ⊥) --> ((Box((Box((⊥ --> ⊥)) --> ⊥)) --> ⊥) --> (((s --> ⊥) --> ((((⊥ --> ⊥) --> ((⊥ --> ⊥) --> ⊥)) --> ⊥) --> ⊥)) --> ⊥))) --> ⊥)) --> ⊥),83
15,(!(!(y)) <-> (((Diamond(v) && Diamond(s)) && q) && Diamond(Box(u)))),(((((y --> ⊥) --> ⊥) --> (((((((Box((v --> ⊥)) --> ⊥) --> ((Box((s --> ⊥)) --> ⊥) --> ⊥)) --> ⊥) --> (q --> ⊥)) --> ⊥) --> ((Box((Box(u) --> ⊥)) --> ⊥) --> ⊥)) --> ⊥)) --> (((((((((Box((v --> ⊥)) --> ⊥) --> ((Box((s --> ⊥)) --> ⊥) --> ⊥)) --> ⊥) --> (q --> ⊥)) --> ⊥) --> ((Box((Box(u) --> ⊥)) --> ⊥) --> ⊥)) --> ⊥) --> ((y --> ⊥) --> ⊥)) --> ⊥)) --> ⊥),87
15,((((Diamond(s) <-> v) <-> r) && Box(q)) && !((Diamond(t) --> z))),(((((((((((Box((s --> ⊥)) --> ⊥) --> v) --> ((v --> (Box((s --> ⊥)) --> ⊥)) --> ⊥)) --> ⊥) --> r) --> ((r --> ((((Box((s --> ⊥)) --> ⊥) --> v) --> ((v --> (Box((s --> ⊥)) --> ⊥)) --> ⊥)) --> ⊥)) --> ⊥)) --> ⊥) --> (Box(q) --> ⊥)) --> ⊥) --> ((((Box((t --> ⊥)) --> ⊥) --> z) --> ⊥) --> ⊥)) --> ⊥),73
15,(((((⊥ <-> v) || Box(p)) <-> Diamond(⊥)) && !(u)) && !(y)),((((((((((((⊥ --> v) --> ((v --> ⊥) --> ⊥)) --> ⊥) --> ⊥) --> Box(p)) --> (Box((⊥ --> ⊥)) --> ⊥)) --> (((Box((⊥ --> ⊥)) --> ⊥) --> (((((⊥ --> v) --> ((v --> ⊥) --> ⊥)) --> ⊥) --> ⊥) --> Box(p))) --> ⊥)) --> ⊥) --> ((u --> ⊥) --> ⊥)) --> ⊥) --> ((y --> ⊥) --> ⊥)) --> ⊥),67
15,!(!(Box(!((t --> (s --> !((t <-> Box(Box(Diamond(⊥))))))))))),((Box(((t --> (s --> ((((t --> Box(Box((Box((⊥ --> ⊥)) --> ⊥)))) --> ((Box(Box((Box((⊥ --> ⊥)) --> ⊥))) --> t) --> ⊥)) --> ⊥) --> ⊥))) --> ⊥)) --> ⊥) --> ⊥),38
15,(((z --> u) || (Box(r) <-> !(z))) <-> Box(!((u && x)))),((((((z --> u) --> ⊥) --> (((Box(r) --> (z --> ⊥)) --> (((z --> ⊥) --> Box(r)) --> ⊥)) --> ⊥)) --> Box((((u --> (x --> ⊥)) --> ⊥) --> ⊥))) --> ((Box((((u --> (x --> ⊥)) --> ⊥) --> ⊥)) --> (((z --> u) --> ⊥) --> (((Box(r) --> (z --> ⊥)) --> (((z --> ⊥) --> Box(r)) --> ⊥)) --> ⊥))) --> ⊥)) --> ⊥),73
15,Box((Diamond(!((Box(!(!((!(p) <-> !(v))))) --> s))) <-> x)),Box(((((Box((((Box(((((((p --> ⊥) --> (v --> ⊥)) --> (((v --> ⊥) --> (p --> ⊥)) --> ⊥)) --> ⊥) --> ⊥) --> ⊥)) --> s) --> ⊥) --> ⊥)) --> ⊥) --> x) --> ((x --> (Box((((Box(((((((p --> ⊥) --> (v --> ⊥)) --> (((v --> ⊥) --> (p --> ⊥)) --> ⊥)) --> ⊥) --> ⊥) --> ⊥)) --> s) --> ⊥) --> ⊥)) --> ⊥)) --> ⊥)) --> ⊥)),76
15,Box((!(((!(!(u)) || Diamond(Box(q))) --> !(p))) --> Diamond(q))),Box((((((((u --> ⊥) --> ⊥) --> ⊥) --> (Box((Box(q) --> ⊥)) --> ⊥)) --> (p --> ⊥)) --> ⊥) --> (Box((q --> ⊥)) --> ⊥))),29
15,Box((Diamond(u) && !((Diamond(p) || Diamond(((⊥ --> !(v)) --> p)))))),Box((((Box((u --> ⊥)) --> ⊥) --> (((((Box((p --> ⊥)) --> ⊥) --> ⊥) --> (Box((((⊥ --> (v --> ⊥)) --> p) --> ⊥)) --> ⊥)) --> ⊥) --> ⊥)) --> ⊥)),35
15,((!(t) || ((q || y) --> (x && (u && r)))) <-> !(s)),((((((t --> ⊥) --> ⊥) --> (((q --> ⊥) --> y) --> ((x --> (((u --> (r --> ⊥)) --> ⊥) --> ⊥)) --> ⊥))) --> (s --> ⊥)) --> (((s --> ⊥) --> (((t --> ⊥) --> ⊥) --> (((q --> ⊥) --> y) --> ((x --> (((u --> (r --> ⊥)) --> ⊥) --> ⊥)) --> ⊥)))) --> ⊥)) --> ⊥),63
15,((Box(x) || (s || w)) <-> (Box((Box(⊥) || !(y))) && x)),(((((Box(x) --> ⊥) --> ((s --> ⊥) --> w)) --> ((Box(((Box(⊥) --> ⊥) --> (y --> ⊥))) --> (x --> ⊥)) --> ⊥)) --> ((((Box(((Box(⊥) --> ⊥) --> (y --> ⊥))) --> (x --> ⊥)) --> ⊥) --> ((Box(x) --> ⊥) --> ((s --> ⊥) --> w))) --> ⊥)) --> ⊥),57
15,Box(Box(!((!(((r --> w) --> p)) && (u || Diamond(Box(z))))))),Box(Box(((((((r --> w) --> p) --> ⊥) --> (((u --> ⊥) --> (Box((Box(z) --> ⊥)) --> ⊥)) --> ⊥)) --> ⊥) --> ⊥))),27
15,(Box(((⊥ <-> (!(!(w)) || (r && x))) && p)) <-> Diamond(⊥)),(((Box((((((⊥ --> ((((w --> ⊥) --> ⊥) --> ⊥) --> ((r --> (x --> ⊥)) --> ⊥))) --> ((((((w --> ⊥) --> ⊥) --> ⊥) --> ((r --> (x --> ⊥)) --> ⊥)) --> ⊥) --> ⊥)) --> ⊥) --> (p --> ⊥)) --> ⊥)) --> (Box((⊥ --> ⊥)) --> ⊥)) --> (((Box((⊥ --> ⊥)) --> ⊥) --> Box((((((⊥ --> ((((w --> ⊥) --> ⊥) --> ⊥) --> ((r --> (x --> ⊥)) --> ⊥))) --> ((((((w --> ⊥) --> ⊥) --> ⊥) --> ((r --> (x --> ⊥)) --> ⊥)) --> ⊥) --> ⊥)) --> ⊥) --> (p --> ⊥)) --> ⊥))) --> ⊥)) --> ⊥),111
15,(Diamond((Box((s --> ⊥)) && y)) <-> (w || ((s || w) && v))),((((Box((((Box((s --> ⊥)) --> (y --> ⊥)) --> ⊥) --> ⊥)) --> ⊥) --> ((w --> ⊥) --> ((((s --> ⊥) --> w) --> (v --> ⊥)) --> ⊥))) --> ((((w --> ⊥) --> ((((s --> ⊥) --> w) --> (v --> ⊥)) --> ⊥)) --> (Box((((Box((s --> ⊥)) --> (y --> ⊥)) --> ⊥) --> ⊥)) --> ⊥)) --> ⊥)) --> ⊥),67
15,Box((y || ((!((⊥ && ⊥)) <-> s) || (s || (z || x))))),Box(((y --> ⊥) --> ((((((((⊥ --> (⊥ --> ⊥)) --> ⊥) --> ⊥) --> s) --> ((s --> (((⊥ --> (⊥ --> ⊥)) --> ⊥) --> ⊥)) --> ⊥)) --> ⊥) --> ⊥) --> ((s --> ⊥) --> ((z --> ⊥) --> x))))),44
15,(((!(q) || w) && Box(p)) --> ((y <-> w) || !(Diamond(r)))),((((((q --> ⊥) --> ⊥) --> w) --> (Box(p) --> ⊥)) --> ⊥) --> (((((y --> w) --> ((w --> y) --> ⊥)) --> ⊥) --> ⊥) --> ((Box((r --> ⊥)) --> ⊥) --> ⊥))),37
15,((Box(!((z && s))) || p) <-> (!(!(p)) && (q --> w))),(((((Box((((z --> (s --> ⊥)) --> ⊥) --> ⊥)) --> ⊥) --> p) --> ((((p --> ⊥) --> ⊥) --> ((q --> w) --> ⊥)) --> ⊥)) --> ((((((p --> ⊥) --> ⊥) --> ((q --> w) --> ⊥)) --> ⊥) --> ((Box((((z --> (s --> ⊥)) --> ⊥) --> ⊥)) --> ⊥) --> p)) --> ⊥)) --> ⊥),61
15,((y --> q) || !(!((v || Box(Box(!((Box(u) <-> z)))))))),(((y --> q) --> ⊥) --> ((((v --> ⊥) --> Box(Box(((((Box(u) --> z) --> ((z --> Box(u)) --> ⊥)) --> ⊥) --> ⊥)))) --> ⊥) --> ⊥)),31
15,(((w && (Box((r --> z)) <-> r)) --> (r && w)) || Diamond(y)),(((((w --> ((((Box((r --> z)) --> r) --> ((r --> Box((r --> z))) --> ⊥)) --> ⊥) --> ⊥)) --> ⊥) --> ((r --> (w --> ⊥)) --> ⊥)) --> ⊥) --> (Box((y --> ⊥)) --> ⊥)),40
15,(!((!(p) && (v --> ⊥))) <-> Box(Diamond(Diamond((!(r) <-> v))))),(((((((p --> ⊥) --> ((v --> ⊥) --> ⊥)) --> ⊥) --> ⊥) --> Box((Box(((Box((((((r --> ⊥) --> v) --> ((v --> (r --> ⊥)) --> ⊥)) --> ⊥) --> ⊥)) --> ⊥) --> ⊥)) --> ⊥))) --> ((Box((Box(((Box((((((r --> ⊥) --> v) --> ((v --> (r --> ⊥)) --> ⊥)) --> ⊥) --> ⊥)) --> ⊥) --> ⊥)) --> ⊥)) --> ((((p --> ⊥) --> ((v --> ⊥) --> ⊥)) --> ⊥) --> ⊥)) --> ⊥)) --> ⊥),85
15,(q && ((w && (⊥ || y)) || (Diamond(q) --> Diamond((⊥ --> w))))),((q --> (((((w --> (((⊥ --> ⊥) --> y) --> ⊥)) --> ⊥) --> ⊥) --> ((Box((q --> ⊥)) --> ⊥) --> (Box(((⊥ --> w) --> ⊥)) --> ⊥))) --> ⊥)) --> ⊥),35
15,((Diamond(p) && ((!(Diamond(⊥)) && Diamond(z)) --> Diamond(⊥))) || !(q)),(((((Box((p --> ⊥)) --> ⊥) --> ((((((Box((⊥ --> ⊥)) --> ⊥) --> ⊥) --> ((Box((z --> ⊥)) --> ⊥) --> ⊥)) --> ⊥) --> (Box((⊥ --> ⊥)) --> ⊥)) --> ⊥)) --> ⊥) --> ⊥) --> (q --> ⊥)),43
15,(((Diamond(r) || Box(⊥)) || (!((u || !(s))) && p)) || t),(((((((Box((r --> ⊥)) --> ⊥) --> ⊥) --> Box(⊥)) --> ⊥) --> (((((u --> ⊥) --> (s --> ⊥)) --> ⊥) --> (p --> ⊥)) --> ⊥)) --> ⊥) --> t),33
15,(Diamond(Box(r)) && ((r <-> ((⊥ --> Diamond(s)) || w)) && !(w))),(((Box((Box(r) --> ⊥)) --> ⊥) --> ((((((r --> (((⊥ --> (Box((s --> ⊥)) --> ⊥)) --> ⊥) --> w)) --> (((((⊥ --> (Box((s --> ⊥)) --> ⊥)) --> ⊥) --> w) --> r) --> ⊥)) --> ⊥) --> ((w --> ⊥) --> ⊥)) --> ⊥) --> ⊥)) --> ⊥),53
15,(!((Diamond((Box(v) || x)) || p)) && (x || (w <-> Diamond(w)))),((((((Box((((Box(v) --> ⊥) --> x) --> ⊥)) --> ⊥) --> ⊥) --> p) --> ⊥) --> (((x --> ⊥) --> (((w --> (Box((w --> ⊥)) --> ⊥)) --> (((Box((w --> ⊥)) --> ⊥) --> w) --> ⊥)) --> ⊥)) --> ⊥)) --> ⊥),47
15,(⊥ && (!((r && (w --> (Diamond(x) || ⊥)))) && (s || r))),((⊥ --> ((((((r --> ((w --> (((Box((x --> ⊥)) --> ⊥) --> ⊥) --> ⊥)) --> ⊥)) --> ⊥) --> ⊥) --> (((s --> ⊥) --> r) --> ⊥)) --> ⊥) --> ⊥)) --> ⊥),36
15,(Diamond(!(q)) --> Box((x && (Diamond(x) && (q <-> (y --> r)))))),((Box(((q --> ⊥) --> ⊥)) --> ⊥) --> Box(((x --> ((((Box((x --> ⊥)) --> ⊥) --> ((((q --> (y --> r)) --> (((y --> r) --> q) --> ⊥)) --> ⊥) --> ⊥)) --> ⊥) --> ⊥)) --> ⊥))),42
15,!((!(w) --> (!((Diamond(z) --> !(r))) && (x && !(q))))),(((w --> ⊥) --> (((((Box((z --> ⊥)) --> ⊥) --> (r --> ⊥)) --> ⊥) --> (((x --> ((q --> ⊥) --> ⊥)) --> ⊥) --> ⊥)) --> ⊥)) --> ⊥),32
15,(Box((Box((!(r) || Diamond(p))) || Box((x && w)))) && Diamond(v)),((Box(((Box((((r --> ⊥) --> ⊥) --> (Box((p --> ⊥)) --> ⊥))) --> ⊥) --> Box(((x --> (w --> ⊥)) --> ⊥)))) --> ((Box((v --> ⊥)) --> ⊥) --> ⊥)) --> ⊥),36
15,((Box(⊥) && ((Box(u) && Box(t)) && s)) && (p --> !(⊥))),((((Box(⊥) --> (((((Box(u) --> (Box(t) --> ⊥)) --> ⊥) --> (s --> ⊥)) --> ⊥) --> ⊥)) --> ⊥) --> ((p --> (⊥ --> ⊥)) --> ⊥)) --> ⊥),32
15,(z --> ((Box(Box(p)) && t) --> ((Diamond(y) --> !(x)) && u))),(z --> (((Box(Box(p)) --> (t --> ⊥)) --> ⊥) --> ((((Box((y --> ⊥)) --> ⊥) --> (x --> ⊥)) --> (u --> ⊥)) --> ⊥))),28
15,((!(z) && v) --> (Diamond(s) --> (!((Box(s) && t)) --> s))),((((z --> ⊥) --> (v --> ⊥)) --> ⊥) --> ((Box((s --> ⊥)) --> ⊥) --> ((((Box(s) --> (t --> ⊥)) --> ⊥) --> ⊥) --> s))),29
15,(Diamond(u) && ((!((x --> ⊥)) && w) && Diamond(!((v || s))))),(((Box((u --> ⊥)) --> ⊥) --> (((((((x --> ⊥) --> ⊥) --> (w --> ⊥)) --> ⊥) --> ((Box(((((v --> ⊥) --> s) --> ⊥) --> ⊥)) --> ⊥) --> ⊥)) --> ⊥) --> ⊥)) --> ⊥),39
15,((t --> Diamond((⊥ || ⊥))) || ((y --> s) || (r && Box(⊥)))),(((t --> (Box((((⊥ --> ⊥) --> ⊥) --> ⊥)) --> ⊥)) --> ⊥) --> (((y --> s) --> ⊥) --> ((r --> (Box(⊥) --> ⊥)) --> ⊥))),29
15,((Box(q) && (z || (z --> (!(y) <-> !(v))))) || !(v)),((((Box(q) --> (((z --> ⊥) --> (z --> ((((y --> ⊥) --> (v --> ⊥)) --> (((v --> ⊥) --> (y --> ⊥)) --> ⊥)) --> ⊥))) --> ⊥)) --> ⊥) --> ⊥) --> (v --> ⊥)),38
15,(Box((Diamond(v) || Diamond(Diamond(⊥)))) || !((!((v --> s)) || t))),((Box((((Box((v --> ⊥)) --> ⊥) --> ⊥) --> (Box(((Box((⊥ --> ⊥)) --> ⊥) --> ⊥)) --> ⊥))) --> ⊥) --> (((((v --> s) --> ⊥) --> ⊥) --> t) --> ⊥)),35
15,(!(Diamond(Diamond(⊥))) --> (!(s) && ((y || z) --> (x && x)))),(((Box(((Box((⊥ --> ⊥)) --> ⊥) --> ⊥)) --> ⊥) --> ⊥) --> (((s --> ⊥) --> ((((y --> ⊥) --> z) --> ((x --> (x --> ⊥)) --> ⊥)) --> ⊥)) --> ⊥)),35
15,((((z <-> p) --> Diamond(q)) --> u) && ((Box(y) || ⊥) && v)),(((((((z --> p) --> ((p --> z) --> ⊥)) --> ⊥) --> (Box((q --> ⊥)) --> ⊥)) --> u) --> (((((Box(y) --> ⊥) --> ⊥) --> (v --> ⊥)) --> ⊥) --> ⊥)) --> ⊥),37
15,(p <-> Box(Diamond(((!(t) || (Box(⊥) <-> ⊥)) <-> (s --> v))))),(((p --> Box((Box((((((((t --> ⊥) --> ⊥) --> (((Box(⊥) --> ⊥) --> ((⊥ --> Box(⊥)) --> ⊥)) --> ⊥)) --> (s --> v)) --> (((s --> v) --> (((t --> ⊥) --> ⊥) --> (((Box(⊥) --> ⊥) --> ((⊥ --> Box(⊥)) --> ⊥)) --> ⊥))) --> ⊥)) --> ⊥) --> ⊥)) --> ⊥))) --> ((Box((Box((((((((t --> ⊥) --> ⊥) --> (((Box(⊥) --> ⊥) --> ((⊥ --> Box(⊥)) --> ⊥)) --> ⊥)) --> (s --> v)) --> (((s --> v) --> (((t --> ⊥) --> ⊥) --> (((Box(⊥) --> ⊥) --> ((⊥ --> Box(⊥)) --> ⊥)) --> ⊥))) --> ⊥)) --> ⊥) --> ⊥)) --> ⊥)) --> p) --> ⊥)) --> ⊥),123
15,(Box(!(t)) && ((Box(r) && (!(t) && y)) && (t && x))),((Box((t --> ⊥)) --> (((((Box(r) --> ((((t --> ⊥) --> (y --> ⊥)) --> ⊥) --> ⊥)) --> ⊥) --> (((t --> (x --> ⊥)) --> ⊥) --> ⊥)) --> ⊥) --> ⊥)) --> ⊥),37
15,(Diamond(((⊥ --> (!(r) && (x && u))) <-> z)) && (r && ⊥)),(((Box((((((⊥ --> (((r --> ⊥) --> (((x --> (u --> ⊥)) --> ⊥) --> ⊥)) --> ⊥)) --> z) --> ((z --> (⊥ --> (((r --> ⊥) --> (((x --> (u --> ⊥)) --> ⊥) --> ⊥)) --> ⊥))) --> ⊥)) --> ⊥) --> ⊥)) --> ⊥) --> (((r --> (⊥ --> ⊥)) --> ⊥) --> ⊥)) --> ⊥),60
15,((Diamond(((t && Diamond(!(t))) --> t)) && ⊥) && (u --> Box(s))),(((((Box(((((t --> ((Box(((t --> ⊥) --> ⊥)) --> ⊥) --> ⊥)) --> ⊥) --> t) --> ⊥)) --> ⊥) --> (⊥ --> ⊥)) --> ⊥) --> ((u --> Box(s)) --> ⊥)) --> ⊥),36
15,!(Diamond(!(Diamond((Box(Box(Box(r))) --> ((Box(⊥) <-> s) && s)))))),((Box((((Box(((Box(Box(Box(r))) --> (((((Box(⊥) --> s) --> ((s --> Box(⊥)) --> ⊥)) --> ⊥) --> (s --> ⊥)) --> ⊥)) --> ⊥)) --> ⊥) --> ⊥) --> ⊥)) --> ⊥) --> ⊥),38
15,(Box(Diamond(((w && z) --> (t --> Box(z))))) && (!(v) <-> s)),((Box((Box(((((w --> (z --> ⊥)) --> ⊥) --> (t --> Box(z))) --> ⊥)) --> ⊥)) --> (((((v --> ⊥) --> s) --> ((s --> (v --> ⊥)) --> ⊥)) --> ⊥) --> ⊥)) --> ⊥),38
15,(Diamond(Box((Box(Box(!(z))) && (t && ⊥)))) --> (!(r) || ⊥)),((Box((Box(((Box(Box((z --> ⊥))) --> (((t --> (⊥ --> ⊥)) --> ⊥) --> ⊥)) --> ⊥)) --> ⊥)) --> ⊥) --> (((r --> ⊥) --> ⊥) --> ⊥)),31
15,((Box(z) || Box((!(Box(⊥)) <-> !(p)))) --> (z && !(⊥))),(((Box(z) --> ⊥) --> Box(((((Box(⊥) --> ⊥) --> (p --> ⊥)) --> (((p --> ⊥) --> (Box(⊥) --> ⊥)) --> ⊥)) --> ⊥))) --> ((z --> ((⊥ --> ⊥) --> ⊥)) --> ⊥)),37
15,(Diamond((((z || s) && y) && Diamond(u))) || Diamond((⊥ <-> Diamond(x)))),(((Box((((((((z --> ⊥) --> s) --> (y --> ⊥)) --> ⊥) --> ((Box((u --> ⊥)) --> ⊥) --> ⊥)) --> ⊥) --> ⊥)) --> ⊥) --> ⊥) --> (Box(((((⊥ --> (Box((x --> ⊥)) --> ⊥)) --> (((Box((x --> ⊥)) --> ⊥) --> ⊥) --> ⊥)) --> ⊥) --> ⊥)) --> ⊥)),56
15,!(!(Diamond((!((!((y && Box(r))) && !(⊥))) --> !(x))))),(((Box(((((((((y --> (Box(r) --> ⊥)) --> ⊥) --> ⊥) --> ((⊥ --> ⊥) --> ⊥)) --> ⊥) --> ⊥) --> (x --> ⊥)) --> ⊥)) --> ⊥) --> ⊥) --> ⊥),33
15,Diamond(Diamond((Diamond(z) && Diamond(((⊥ && v) || (!(t) && Diamond(⊥))))))),(Box(((Box(((((Box((z --> ⊥)) --> ⊥) --> ((Box((((((⊥ --> (v --> ⊥)) --> ⊥) --> ⊥) --> (((t --> ⊥) --> ((Box((⊥ --> ⊥)) --> ⊥) --> ⊥)) --> ⊥)) --> ⊥)) --> ⊥) --> ⊥)) --> ⊥) --> ⊥)) --> ⊥) --> ⊥)) --> ⊥),50
15,Box(Diamond((((t <-> !(Diamond(⊥))) || w) || (r --> (y <-> q))))),Box((Box(((((((((t --> ((Box((⊥ --> ⊥)) --> ⊥) --> ⊥)) --> ((((Box((⊥ --> ⊥)) --> ⊥) --> ⊥) --> t) --> ⊥)) --> ⊥) --> ⊥) --> w) --> ⊥) --> (r --> (((y --> q) --> ((q --> y) --> ⊥)) --> ⊥))) --> ⊥)) --> ⊥)),51
15,Diamond((((u --> (p || Diamond(r))) <-> Diamond(s)) <-> Diamond((p || t)))),(Box(((((((((u --> ((p --> ⊥) --> (Box((r --> ⊥)) --> ⊥))) --> (Box((s --> ⊥)) --> ⊥)) --> (((Box((s --> ⊥)) --> ⊥) --> (u --> ((p --> ⊥) --> (Box((r --> ⊥)) --> ⊥)))) --> ⊥)) --> ⊥) --> (Box((((p --> ⊥) --> t) --> ⊥)) --> ⊥)) --> (((Box((((p --> ⊥) --> t) --> ⊥)) --> ⊥) --> ((((u --> ((p --> ⊥) --> (Box((r --> ⊥)) --> ⊥))) --> (Box((s --> ⊥)) --> ⊥)) --> (((Box((s --> ⊥)) --> ⊥) --> (u --> ((p --> ⊥) --> (Box((r --> ⊥)) --> ⊥)))) --> ⊥)) --> ⊥)) --> ⊥)) --> ⊥) --> ⊥)) --> ⊥),118
15,Diamond((!((⊥ <-> Diamond(r))) && ((t && z) && Diamond((u <-> u))))),(Box((((((((⊥ --> (Box((r --> ⊥)) --> ⊥)) --> (((Box((r --> ⊥)) --> ⊥) --> ⊥) --> ⊥)) --> ⊥) --> ⊥) --> (((((t --> (z --> ⊥)) --> ⊥) --> ((Box(((((u --> u) --> ((u --> u) --> ⊥)) --> ⊥) --> ⊥)) --> ⊥) --> ⊥)) --> ⊥) --> ⊥)) --> ⊥) --> ⊥)) --> ⊥),61
15,Diamond(((!(Diamond(z)) || y) && (Box(⊥) <-> ((r <-> ⊥) || x)))),(Box((((((((Box((z --> ⊥)) --> ⊥) --> ⊥) --> ⊥) --> y) --> ((((Box(⊥) --> (((((r --> ⊥) --> ((⊥ --> r) --> ⊥)) --> ⊥) --> ⊥) --> x)) --> (((((((r --> ⊥) --> ((⊥ --> r) --> ⊥)) --> ⊥) --> ⊥) --> x) --> Box(⊥)) --> ⊥)) --> ⊥) --> ⊥)) --> ⊥) --> ⊥)) --> ⊥),63
15,Diamond((t && Diamond(!(((!(s) && ((p <-> p) || z)) && y))))),(Box((((t --> ((Box((((((((s --> ⊥) --> ((((((p --> p) --> ((p --> p) --> ⊥)) --> ⊥) --> ⊥) --> z) --> ⊥)) --> ⊥) --> (y --> ⊥)) --> ⊥) --> ⊥) --> ⊥)) --> ⊥) --> ⊥)) --> ⊥) --> ⊥)) --> ⊥),47
15,Diamond(Box(Diamond(Diamond(((p <-> (Diamond(!(v)) || Diamond(y))) || Box(⊥)))))),(Box((Box((Box(((Box(((((((p --> (((Box(((v --> ⊥) --> ⊥)) --> ⊥) --> ⊥) --> (Box((y --> ⊥)) --> ⊥))) --> (((((Box(((v --> ⊥) --> ⊥)) --> ⊥) --> ⊥) --> (Box((y --> ⊥)) --> ⊥)) --> p) --> ⊥)) --> ⊥) --> ⊥) --> Box(⊥)) --> ⊥)) --> ⊥) --> ⊥)) --> ⊥)) --> ⊥)) --> ⊥),64
15,!(Box(Box((((q || q) <-> Box(t)) || (Box(x) && Diamond(q)))))),(Box(Box((((((((q --> ⊥) --> q) --> Box(t)) --> ((Box(t) --> ((q --> ⊥) --> q)) --> ⊥)) --> ⊥) --> ⊥) --> ((Box(x) --> ((Box((q --> ⊥)) --> ⊥) --> ⊥)) --> ⊥)))) --> ⊥),41
15,Diamond((Box((Box(t) && (Diamond(⊥) --> (Box(!(s)) --> q)))) || u)),(Box((((Box(((Box(t) --> (((Box((⊥ --> ⊥)) --> ⊥) --> (Box((s --> ⊥)) --> q)) --> ⊥)) --> ⊥)) --> ⊥) --> u) --> ⊥)) --> ⊥),30
15,Diamond(((r --> ⊥) --> ((!(⊥) && Box(!(x))) && (v || z)))),(Box((((r --> ⊥) --> (((((⊥ --> ⊥) --> (Box((x --> ⊥)) --> ⊥)) --> ⊥) --> (((v --> ⊥) --> z) --> ⊥)) --> ⊥)) --> ⊥)) --> ⊥),31
15,!(Box((Box((Box((⊥ || ⊥)) && v)) <-> (!(⊥) --> Box(v))))),(Box((((Box(((Box(((⊥ --> ⊥) --> ⊥)) --> (v --> ⊥)) --> ⊥)) --> ((⊥ --> ⊥) --> Box(v))) --> ((((⊥ --> ⊥) --> Box(v)) --> Box(((Box(((⊥ --> ⊥) --> ⊥)) --> (v --> ⊥)) --> ⊥))) --> ⊥)) --> ⊥)) --> ⊥),48
15,Diamond(Box(Box(((⊥ --> (w --> ⊥)) && Diamond(((y <-> p) --> t)))))),(Box((Box(Box((((⊥ --> (w --> ⊥)) --> ((Box((((((y --> p) --> ((p --> y) --> ⊥)) --> ⊥) --> t) --> ⊥)) --> ⊥) --> ⊥)) --> ⊥))) --> ⊥)) --> ⊥),35
15,!(Box(((Box(((q && x) && Diamond(w))) && !(t)) && Diamond(u)))),(Box(((((Box(((((q --> (x --> ⊥)) --> ⊥) --> ((Box((w --> ⊥)) --> ⊥) --> ⊥)) --> ⊥)) --> ((t --> ⊥) --> ⊥)) --> ⊥) --> ((Box((u --> ⊥)) --> ⊥) --> ⊥)) --> ⊥)) --> ⊥),41
15,Diamond((Box(Diamond((p <-> ⊥))) --> ((Box(y) --> !(Box(⊥))) --> ⊥))),(Box(((Box((Box(((((p --> ⊥) --> ((⊥ --> p) --> ⊥)) --> ⊥) --> ⊥)) --> ⊥)) --> ((Box(y) --> (Box(⊥) --> ⊥)) --> ⊥)) --> ⊥)) --> ⊥),32
15,Diamond((((⊥ <-> Box(p)) || (Box(⊥) --> Diamond(w))) --> !(!(s)))),(Box((((((((⊥ --> Box(p)) --> ((Box(p) --> ⊥) --> ⊥)) --> ⊥) --> ⊥) --> (Box(⊥) --> (Box((w --> ⊥)) --> ⊥))) --> ((s --> ⊥) --> ⊥)) --> ⊥)) --> ⊥),36
15,,,-1
15,,,-1
16,((q --> Diamond(r)) <-> ((Box(w) --> ⊥) && (t <-> (Diamond(t) && q)))),((((q --> (Box((r --> ⊥)) --> ⊥)) --> (((Box(w) --> ⊥) --> ((((t --> (((Box((t --> ⊥)) --> ⊥) --> (q --> ⊥)) --> ⊥)) --> (((((Box((t --> ⊥)) --> ⊥) --> (q --> ⊥)) --> ⊥) --> t) --> ⊥)) --> ⊥) --> ⊥)) --> ⊥)) --> (((((Box(w) --> ⊥) --> ((((t --> (((Box((t --> ⊥)) --> ⊥) --> (q --> ⊥)) --> ⊥)) --> (((((Box((t --> ⊥)) --> ⊥) --> (q --> ⊥)) --> ⊥) --> t) --> ⊥)) --> ⊥) --> ⊥)) --> ⊥) --> (q --> (Box((r --> ⊥)) --> ⊥))) --> ⊥)) --> ⊥),107
16,(((Box(⊥) <-> (s && (r --> Diamond(⊥)))) --> (x <-> Diamond(t))) && v),((((((Box(⊥) --> ((s --> ((r --> (Box((⊥ --> ⊥)) --> ⊥)) --> ⊥)) --> ⊥)) --> ((((s --> ((r --> (Box((⊥ --> ⊥)) --> ⊥)) --> ⊥)) --> ⊥) --> Box(⊥)) --> ⊥)) --> ⊥) --> (((x --> (Box((t --> ⊥)) --> ⊥)) --> (((Box((t --> ⊥)) --> ⊥) --> x) --> ⊥)) --> ⊥)) --> (v --> ⊥)) --> ⊥),67
16,(((s <-> (Box(!(u)) || Diamond((r <-> t)))) <-> u) && Box(Diamond(y))),((((((((s --> ((Box((u --> ⊥)) --> ⊥) --> (Box(((((r --> t) --> ((t --> r) --> ⊥)) --> ⊥) --> ⊥)) --> ⊥))) --> ((((Box((u --> ⊥)) --> ⊥) --> (Box(((((r --> t) --> ((t --> r) --> ⊥)) --> ⊥) --> ⊥)) --> ⊥)) --> s) --> ⊥)) --> ⊥) --> u) --> ((u --> (((s --> ((Box((u --> ⊥)) --> ⊥) --> (Box(((((r --> t) --> ((t --> r) --> ⊥)) --> ⊥) --> ⊥)) --> ⊥))) --> ((((Box((u --> ⊥)) --> ⊥) --> (Box(((((r --> t) --> ((t --> r) --> ⊥)) --> ⊥) --> ⊥)) --> ⊥)) --> s) --> ⊥)) --> ⊥)) --> ⊥)) --> ⊥) --> (Box((Box((y --> ⊥)) --> ⊥)) --> ⊥)) --> ⊥),131
16,(Diamond(x) && (!((!(Box(r)) <-> !((Diamond(p) <-> t)))) --> Box(z))),(((Box((x --> ⊥)) --> ⊥) --> (((((((Box(r) --> ⊥) --> (((((Box((p --> ⊥)) --> ⊥) --> t) --> ((t --> (Box((p --> ⊥)) --> ⊥)) --> ⊥)) --> ⊥) --> ⊥)) --> (((((((Box((p --> ⊥)) --> ⊥) --> t) --> ((t --> (Box((p --> ⊥)) --> ⊥)) --> ⊥)) --> ⊥) --> ⊥) --> (Box(r) --> ⊥)) --> ⊥)) --> ⊥) --> ⊥) --> Box(z)) --> ⊥)) --> ⊥),77
16,(Diamond((Box(!((q && z))) && ((y && ⊥) <-> y))) <-> (u <-> v)),((((Box((((Box((((q --> (z --> ⊥)) --> ⊥) --> ⊥)) --> ((((((y --> (⊥ --> ⊥)) --> ⊥) --> y) --> ((y --> ((y --> (⊥ --> ⊥)) --> ⊥)) --> ⊥)) --> ⊥) --> ⊥)) --> ⊥) --> ⊥)) --> ⊥) --> (((u --> v) --> ((v --> u) --> ⊥)) --> ⊥)) --> (((((u --> v) --> ((v --> u) --> ⊥)) --> ⊥) --> (Box((((Box((((q --> (z --> ⊥)) --> ⊥) --> ⊥)) --> ((((((y --> (⊥ --> ⊥)) --> ⊥) --> y) --> ((y --> ((y --> (⊥ --> ⊥)) --> ⊥)) --> ⊥)) --> ⊥) --> ⊥)) --> ⊥) --> ⊥)) --> ⊥)) --> ⊥)) --> ⊥),115
16,(!(Box((Diamond(u) && Box(!(((v --> q) && Diamond(!(v)))))))) --> s),((Box((((Box((u --> ⊥)) --> ⊥) --> (Box(((((v --> q) --> ((Box(((v --> ⊥) --> ⊥)) --> ⊥) --> ⊥)) --> ⊥) --> ⊥)) --> ⊥)) --> ⊥)) --> ⊥) --> s),35
16,(Diamond(t) || ((!(r) || v) <-> !((Diamond((⊥ <-> v)) || !(s))))),(((Box((t --> ⊥)) --> ⊥) --> ⊥) --> ((((((r --> ⊥) --> ⊥) --> v) --> ((((Box(((((⊥ --> v) --> ((v --> ⊥) --> ⊥)) --> ⊥) --> ⊥)) --> ⊥) --> ⊥) --> (s --> ⊥)) --> ⊥)) --> ((((((Box(((((⊥ --> v) --> ((v --> ⊥) --> ⊥)) --> ⊥) --> ⊥)) --> ⊥) --> ⊥) --> (s --> ⊥)) --> ⊥) --> (((r --> ⊥) --> ⊥) --> v)) --> ⊥)) --> ⊥)),78
16,Box(Box((!(Box(Diamond(Diamond(Box(p))))) --> (Box(!(!(v))) --> Diamond(t))))),Box(Box(((Box((Box(((Box((Box(p) --> ⊥)) --> ⊥) --> ⊥)) --> ⊥)) --> ⊥) --> (Box(((v --> ⊥) --> ⊥)) --> (Box((t --> ⊥)) --> ⊥))))),31
16,((y <-> (t && w)) <-> Diamond(Box(Box((u --> !((Diamond(y) && y))))))),((((((y --> ((t --> (w --> ⊥)) --> ⊥)) --> ((((t --> (w --> ⊥)) --> ⊥) --> y) --> ⊥)) --> ⊥) --> (Box((Box(Box((u --> ((((Box((y --> ⊥)) --> ⊥) --> (y --> ⊥)) --> ⊥) --> ⊥)))) --> ⊥)) --> ⊥)) --> (((Box((Box(Box((u --> ((((Box((y --> ⊥)) --> ⊥) --> (y --> ⊥)) --> ⊥) --> ⊥)))) --> ⊥)) --> ⊥) --> (((y --> ((t --> (w --> ⊥)) --> ⊥)) --> ((((t --> (w --> ⊥)) --> ⊥) --> y) --> ⊥)) --> ⊥)) --> ⊥)) --> ⊥),99
16,((s <-> !(v)) <-> (!(!((Box((u --> x)) --> q))) && Box(z))),((((((s --> (v --> ⊥)) --> (((v --> ⊥) --> s) --> ⊥)) --> ⊥) --> (((((Box((u --> x)) --> q) --> ⊥) --> ⊥) --> (Box(z) --> ⊥)) --> ⊥)) --> (((((((Box((u --> x)) --> q) --> ⊥) --> ⊥) --> (Box(z) --> ⊥)) --> ⊥) --> (((s --> (v --> ⊥)) --> (((v --> ⊥) --> s) --> ⊥)) --> ⊥)) --> ⊥)) --> ⊥),71
16,(((Box(w) --> Box(Box(Box(!((Box(⊥) <-> r)))))) <-> u) --> !(x)),(((((Box(w) --> Box(Box(Box(((((Box(⊥) --> r) --> ((r --> Box(⊥)) --> ⊥)) --> ⊥) --> ⊥))))) --> u) --> ((u --> (Box(w) --> Box(Box(Box(((((Box(⊥) --> r) --> ((r --> Box(⊥)) --> ⊥)) --> ⊥) --> ⊥)))))) --> ⊥)) --> ⊥) --> (x --> ⊥)),55
16,((z || x) && (((u && Box(v)) <-> ⊥) --> (u --> (r <-> ⊥)))),((((z --> ⊥) --> x) --> (((((((u --> (Box(v) --> ⊥)) --> ⊥) --> ⊥) --> ((⊥ --> ((u --> (Box(v) --> ⊥)) --> ⊥)) --> ⊥)) --> ⊥) --> (u --> (((r --> ⊥) --> ((⊥ --> r) --> ⊥)) --> ⊥))) --> ⊥)) --> ⊥),49
16,(Diamond(Box(Diamond((!(t) --> v)))) <-> (Box(⊥) || (x <-> (x <-> t)))),((((Box((Box((Box((((t --> ⊥) --> v) --> ⊥)) --> ⊥)) --> ⊥)) --> ⊥) --> ((Box(⊥) --> ⊥) --> (((x --> (((x --> t) --> ((t --> x) --> ⊥)) --> ⊥)) --> (((((x --> t) --> ((t --> x) --> ⊥)) --> ⊥) --> x) --> ⊥)) --> ⊥))) --> ((((Box(⊥) --> ⊥) --> (((x --> (((x --> t) --> ((t --> x) --> ⊥)) --> ⊥)) --> (((((x --> t) --> ((t --> x) --> ⊥)) --> ⊥) --> x) --> ⊥)) --> ⊥)) --> (Box((Box((Box((((t --> ⊥) --> v) --> ⊥)) --> ⊥)) --> ⊥)) --> ⊥)) --> ⊥)) --> ⊥),111
16,((!(u) <-> (Diamond(Box(⊥)) && Box(⊥))) --> ((!(x) || s) || w)),(((((u --> ⊥) --> (((Box((Box(⊥) --> ⊥)) --> ⊥) --> (Box(⊥) --> ⊥)) --> ⊥)) --> (((((Box((Box(⊥) --> ⊥)) --> ⊥) --> (Box(⊥) --> ⊥)) --> ⊥) --> (u --> ⊥)) --> ⊥)) --> ⊥) --> (((((x --> ⊥) --> ⊥) --> s) --> ⊥) --> w)),53
16,(!(((p --> (⊥ --> (Diamond(r) && y))) <-> (x && !(w)))) --> s),((((((p --> (⊥ --> (((Box((r --> ⊥)) --> ⊥) --> (y --> ⊥)) --> ⊥))) --> ((x --> ((w --> ⊥) --> ⊥)) --> ⊥)) --> ((((x --> ((w --> ⊥) --> ⊥)) --> ⊥) --> (p --> (⊥ --> (((Box((r --> ⊥)) --> ⊥) --> (y --> ⊥)) --> ⊥)))) --> ⊥)) --> ⊥) --> ⊥) --> s),61
16,(Box((q || u)) <-> ((Box(Box((y --> u))) && ⊥) || (q && z))),(((Box(((q --> ⊥) --> u)) --> ((((Box(Box((y --> u))) --> (⊥ --> ⊥)) --> ⊥) --> ⊥) --> ((q --> (z --> ⊥)) --> ⊥))) --> ((((((Box(Box((y --> u))) --> (⊥ --> ⊥)) --> ⊥) --> ⊥) --> ((q --> (z --> ⊥)) --> ⊥)) --> Box(((q --> ⊥) --> u))) --> ⊥)) --> ⊥),61
16,((z <-> (Diamond(x) || ⊥)) || !(Diamond(Diamond(Box((x --> (r && ⊥))))))),(((((z --> (((Box((x --> ⊥)) --> ⊥) --> ⊥) --> ⊥)) --> (((((Box((x --> ⊥)) --> ⊥) --> ⊥) --> ⊥) --> z) --> ⊥)) --> ⊥) --> ⊥) --> ((Box(((Box((Box((x --> ((r --> (⊥ --> ⊥)) --> ⊥))) --> ⊥)) --> ⊥) --> ⊥)) --> ⊥) --> ⊥)),54
16,(Box(p) || ((u && v) || ((Box(!(y)) <-> ⊥) || (r && z)))),((Box(p) --> ⊥) --> ((((u --> (v --> ⊥)) --> ⊥) --> ⊥) --> (((((Box((y --> ⊥)) --> ⊥) --> ((⊥ --> Box((y --> ⊥))) --> ⊥)) --> ⊥) --> ⊥) --> ((r --> (z --> ⊥)) --> ⊥)))),42
16,(w || ((q && p) <-> Box(Box((Box((z --> u)) || (x && p)))))),((w --> ⊥) --> (((((q --> (p --> ⊥)) --> ⊥) --> Box(Box(((Box((z --> u)) --> ⊥) --> ((x --> (p --> ⊥)) --> ⊥))))) --> ((Box(Box(((Box((z --> u)) --> ⊥) --> ((x --> (p --> ⊥)) --> ⊥)))) --> ((q --> (p --> ⊥)) --> ⊥)) --> ⊥)) --> ⊥)),57
16,(Diamond(!(!(((⊥ --> (u --> v)) || Diamond(Diamond(Diamond(w))))))) --> Diamond(y)),((Box(((((((⊥ --> (u --> v)) --> ⊥) --> (Box(((Box(((Box((w --> ⊥)) --> ⊥) --> ⊥)) --> ⊥) --> ⊥)) --> ⊥)) --> ⊥) --> ⊥) --> ⊥)) --> ⊥) --> (Box((y --> ⊥)) --> ⊥)),40
16,((s && q) --> ((Diamond(Box((q --> Diamond(!(x))))) <-> Diamond(s)) --> u)),(((s --> (q --> ⊥)) --> ⊥) --> (((((Box((Box((q --> (Box(((x --> ⊥) --> ⊥)) --> ⊥))) --> ⊥)) --> ⊥) --> (Box((s --> ⊥)) --> ⊥)) --> (((Box((s --> ⊥)) --> ⊥) --> (Box((Box((q --> (Box(((x --> ⊥) --> ⊥)) --> ⊥))) --> ⊥)) --> ⊥)) --> ⊥)) --> ⊥) --> u)),61
16,(Box((Box(Box(Diamond(p))) || Box(q))) --> (p <-> (!(q) <-> Box(x)))),(Box(((Box(Box((Box((p --> ⊥)) --> ⊥))) --> ⊥) --> Box(q))) --> (((p --> ((((q --> ⊥) --> Box(x)) --> ((Box(x) --> (q --> ⊥)) --> ⊥)) --> ⊥)) --> ((((((q --> ⊥) --> Box(x)) --> ((Box(x) --> (q --> ⊥)) --> ⊥)) --> ⊥) --> p) --> ⊥)) --> ⊥)),58
16,(((!(Diamond((t --> q))) <-> u) || z) && (Diamond(Diamond(z)) <-> Box(t))),(((((((((Box(((t --> q) --> ⊥)) --> ⊥) --> ⊥) --> u) --> ((u --> ((Box(((t --> q) --> ⊥)) --> ⊥) --> ⊥)) --> ⊥)) --> ⊥) --> ⊥) --> z) --> (((((Box(((Box((z --> ⊥)) --> ⊥) --> ⊥)) --> ⊥) --> Box(t)) --> ((Box(t) --> (Box(((Box((z --> ⊥)) --> ⊥) --> ⊥)) --> ⊥)) --> ⊥)) --> ⊥) --> ⊥)) --> ⊥),71
16,!(!(((⊥ && x) || ((r || (w <-> y)) && !(!(Diamond(r))))))),((((((⊥ --> (x --> ⊥)) --> ⊥) --> ⊥) --> ((((r --> ⊥) --> (((w --> y) --> ((y --> w) --> ⊥)) --> ⊥)) --> ((((Box((r --> ⊥)) --> ⊥) --> ⊥) --> ⊥) --> ⊥)) --> ⊥)) --> ⊥) --> ⊥),44
16,((!(((v || t) && (x --> (⊥ || p)))) || Diamond(s)) <-> Diamond(s)),((((((((((v --> ⊥) --> t) --> ((x --> ((⊥ --> ⊥) --> p)) --> ⊥)) --> ⊥) --> ⊥) --> ⊥) --> (Box((s --> ⊥)) --> ⊥)) --> (Box((s --> ⊥)) --> ⊥)) --> (((Box((s --> ⊥)) --> ⊥) --> (((((((v --> ⊥) --> t) --> ((x --> ((⊥ --> ⊥) --> p)) --> ⊥)) --> ⊥) --> ⊥) --> ⊥) --> (Box((s --> ⊥)) --> ⊥))) --> ⊥)) --> ⊥),75
16,!((((v && p) || Diamond((!(p) <-> !(s)))) || (Box(y) --> y))),(((((((v --> (p --> ⊥)) --> ⊥) --> ⊥) --> (Box((((((p --> ⊥) --> (s --> ⊥)) --> (((s --> ⊥) --> (p --> ⊥)) --> ⊥)) --> ⊥) --> ⊥)) --> ⊥)) --> ⊥) --> (Box(y) --> y)) --> ⊥),43
16,!(Diamond(Diamond(((⊥ && z) --> !(((p && ⊥) --> !((u && ⊥)))))))),((Box(((Box(((((⊥ --> (z --> ⊥)) --> ⊥) --> ((((p --> (⊥ --> ⊥)) --> ⊥) --> (((u --> (⊥ --> ⊥)) --> ⊥) --> ⊥)) --> ⊥)) --> ⊥)) --> ⊥) --> ⊥)) --> ⊥) --> ⊥),39
16,((⊥ && v) || (!(r) --> (z && (!((Diamond(p) || ⊥)) && ⊥)))),((((⊥ --> (v --> ⊥)) --> ⊥) --> ⊥) --> ((r --> ⊥) --> ((z --> (((((((Box((p --> ⊥)) --> ⊥) --> ⊥) --> ⊥) --> ⊥) --> (⊥ --> ⊥)) --> ⊥) --> ⊥)) --> ⊥))),38
16,(!(t) --> (s && ((Box(q) && u) && Diamond((Box(s) || Box(u)))))),((t --> ⊥) --> ((s --> (((((Box(q) --> (u --> ⊥)) --> ⊥) --> ((Box((((Box(s) --> ⊥) --> Box(u)) --> ⊥)) --> ⊥) --> ⊥)) --> ⊥) --> ⊥)) --> ⊥)),35
16,(Box(!((Box(t) && !(w)))) || (p || (x && !((t || v))))),((Box((((Box(t) --> ((w --> ⊥) --> ⊥)) --> ⊥) --> ⊥)) --> ⊥) --> ((p --> ⊥) --> ((x --> ((((t --> ⊥) --> v) --> ⊥) --> ⊥)) --> ⊥))),33
16,(Diamond((Box((u <-> (Diamond(!(s)) && Box(⊥)))) || Box(⊥))) <-> Box(v)),((((Box((((Box((((u --> (((Box(((s --> ⊥) --> ⊥)) --> ⊥) --> (Box(⊥) --> ⊥)) --> ⊥)) --> (((((Box(((s --> ⊥) --> ⊥)) --> ⊥) --> (Box(⊥) --> ⊥)) --> ⊥) --> u) --> ⊥)) --> ⊥)) --> ⊥) --> Box(⊥)) --> ⊥)) --> ⊥) --> Box(v)) --> ((Box(v) --> (Box((((Box((((u --> (((Box(((s --> ⊥) --> ⊥)) --> ⊥) --> (Box(⊥) --> ⊥)) --> ⊥)) --> (((((Box(((s --> ⊥) --> ⊥)) --> ⊥) --> (Box(⊥) --> ⊥)) --> ⊥) --> u) --> ⊥)) --> ⊥)) --> ⊥) --> Box(⊥)) --> ⊥)) --> ⊥)) --> ⊥)) --> ⊥),111
16,(Diamond(q) && !((w && ((v --> Box(u)) || !(Diamond((⊥ && y))))))),(((Box((q --> ⊥)) --> ⊥) --> ((((w --> ((((v --> Box(u)) --> ⊥) --> ((Box((((⊥ --> (y --> ⊥)) --> ⊥) --> ⊥)) --> ⊥) --> ⊥)) --> ⊥)) --> ⊥) --> ⊥) --> ⊥)) --> ⊥),40
16,(Box(Diamond(Diamond((!(v) && (!(z) --> p))))) || Diamond((!(x) <-> t))),((Box((Box(((Box(((((v --> ⊥) --> (((z --> ⊥) --> p) --> ⊥)) --> ⊥) --> ⊥)) --> ⊥) --> ⊥)) --> ⊥)) --> ⊥) --> (Box((((((x --> ⊥) --> t) --> ((t --> (x --> ⊥)) --> ⊥)) --> ⊥) --> ⊥)) --> ⊥)),47
16,(u || (((!(t) --> (r && Box(u))) || !(z)) && (y || ⊥))),((u --> ⊥) --> ((((((t --> ⊥) --> ((r --> (Box(u) --> ⊥)) --> ⊥)) --> ⊥) --> (z --> ⊥)) --> (((y --> ⊥) --> ⊥) --> ⊥)) --> ⊥)),32
16,(Diamond(w) && ((⊥ <-> !(Diamond((z --> y)))) || Diamond(!((s || u))))),(((Box((w --> ⊥)) --> ⊥) --> ((((((⊥ --> ((Box(((z --> y) --> ⊥)) --> ⊥) --> ⊥)) --> ((((Box(((z --> y) --> ⊥)) --> ⊥) --> ⊥) --> ⊥) --> ⊥)) --> ⊥) --> ⊥) --> (Box(((((s --> ⊥) --> u) --> ⊥) --> ⊥)) --> ⊥)) --> ⊥)) --> ⊥),55
16,(((⊥ <-> z) --> Box(v)) || Box(Diamond((!(!(x)) || Diamond(!(p)))))),((((((⊥ --> z) --> ((z --> ⊥) --> ⊥)) --> ⊥) --> Box(v)) --> ⊥) --> Box((Box((((((x --> ⊥) --> ⊥) --> ⊥) --> (Box(((p --> ⊥) --> ⊥)) --> ⊥)) --> ⊥)) --> ⊥))),39
16,((q <-> r) && (Box(!(w)) && (Box(⊥) && Diamond(Box((⊥ && p)))))),(((((q --> r) --> ((r --> q) --> ⊥)) --> ⊥) --> (((Box((w --> ⊥)) --> (((Box(⊥) --> ((Box((Box(((⊥ --> (p --> ⊥)) --> ⊥)) --> ⊥)) --> ⊥) --> ⊥)) --> ⊥) --> ⊥)) --> ⊥) --> ⊥)) --> ⊥),45
16,(!(Diamond((w || !(s)))) && !(!((Diamond((Box(y) && y)) || ⊥)))),((((Box((((w --> ⊥) --> (s --> ⊥)) --> ⊥)) --> ⊥) --> ⊥) --> ((((((Box((((Box(y) --> (y --> ⊥)) --> ⊥) --> ⊥)) --> ⊥) --> ⊥) --> ⊥) --> ⊥) --> ⊥) --> ⊥)) --> ⊥),40
16,((p && u) && (Diamond(((!(t) && (s --> u)) <-> u)) || !(y))),((((p --> (u --> ⊥)) --> ⊥) --> ((((Box((((((((t --> ⊥) --> ((s --> u) --> ⊥)) --> ⊥) --> u) --> ((u --> (((t --> ⊥) --> ((s --> u) --> ⊥)) --> ⊥)) --> ⊥)) --> ⊥) --> ⊥)) --> ⊥) --> ⊥) --> (y --> ⊥)) --> ⊥)) --> ⊥),54
16,(Diamond(w) && ((Box(x) && (!(s) || !(r))) && (⊥ <-> Box(q)))),(((Box((w --> ⊥)) --> ⊥) --> (((((Box(x) --> ((((s --> ⊥) --> ⊥) --> (r --> ⊥)) --> ⊥)) --> ⊥) --> ((((⊥ --> Box(q)) --> ((Box(q) --> ⊥) --> ⊥)) --> ⊥) --> ⊥)) --> ⊥) --> ⊥)) --> ⊥),45
16,(⊥ || (!(⊥) --> ((Box((u && p)) || (x --> Box(z))) && w))),((⊥ --> ⊥) --> ((⊥ --> ⊥) --> ((((Box(((u --> (p --> ⊥)) --> ⊥)) --> ⊥) --> (x --> Box(z))) --> (w --> ⊥)) --> ⊥))),29
16,Box(((!(Box(((Diamond(s) <-> t) --> ⊥))) && u) || (w --> !(y)))),Box((((((Box((((((Box((s --> ⊥)) --> ⊥) --> t) --> ((t --> (Box((s --> ⊥)) --> ⊥)) --> ⊥)) --> ⊥) --> ⊥)) --> ⊥) --> (u --> ⊥)) --> ⊥) --> ⊥) --> (w --> (y --> ⊥)))),41
16,((Box((u <-> ⊥)) --> p) --> ((s || Box(Box((z && s)))) --> q)),((Box((((u --> ⊥) --> ((⊥ --> u) --> ⊥)) --> ⊥)) --> p) --> (((s --> ⊥) --> Box(Box(((z --> (s --> ⊥)) --> ⊥)))) --> q)),30
16,!(((Box(Box(v)) || (⊥ && ((r && !(Box(r))) || u))) && t)),(((((Box(Box(v)) --> ⊥) --> ((⊥ --> (((((r --> ((Box(r) --> ⊥) --> ⊥)) --> ⊥) --> ⊥) --> u) --> ⊥)) --> ⊥)) --> (t --> ⊥)) --> ⊥) --> ⊥),34
16,((z <-> t) && Diamond((Diamond(!(w)) && (Diamond(v) || (w --> Box(⊥)))))),(((((z --> t) --> ((t --> z) --> ⊥)) --> ⊥) --> ((Box(((((Box(((w --> ⊥) --> ⊥)) --> ⊥) --> ((((Box((v --> ⊥)) --> ⊥) --> ⊥) --> (w --> Box(⊥))) --> ⊥)) --> ⊥) --> ⊥)) --> ⊥) --> ⊥)) --> ⊥),47
16,(((s && q) && Box(q)) --> !((Box(⊥) || Box(Box((y --> z)))))),(((((s --> (q --> ⊥)) --> ⊥) --> (Box(q) --> ⊥)) --> ⊥) --> (((Box(⊥) --> ⊥) --> Box(Box((y --> z)))) --> ⊥)),27
16,(Box((Box(Diamond((t && !(v)))) --> u)) && (⊥ && Diamond(Box(!(r))))),((Box((Box((Box((((t --> ((v --> ⊥) --> ⊥)) --> ⊥) --> ⊥)) --> ⊥)) --> u)) --> (((⊥ --> ((Box((Box((r --> ⊥)) --> ⊥)) --> ⊥) --> ⊥)) --> ⊥) --> ⊥)) --> ⊥),38
16,(Box((Diamond(z) || Diamond(p))) --> ((q || ⊥) --> Diamond(Diamond((⊥ <-> ⊥))))),(Box((((Box((z --> ⊥)) --> ⊥) --> ⊥) --> (Box((p --> ⊥)) --> ⊥))) --> (((q --> ⊥) --> ⊥) --> (Box(((Box(((((⊥ --> ⊥) --> ((⊥ --> ⊥) --> ⊥)) --> ⊥) --> ⊥)) --> ⊥) --> ⊥)) --> ⊥))),44
16,!(!(Diamond((((r || p) <-> (r <-> (s --> Diamond(v)))) && !(u))))),(((Box(((((((((r --> ⊥) --> p) --> (((r --> (s --> (Box((v --> ⊥)) --> ⊥))) --> (((s --> (Box((v --> ⊥)) --> ⊥)) --> r) --> ⊥)) --> ⊥)) --> (((((r --> (s --> (Box((v --> ⊥)) --> ⊥))) --> (((s --> (Box((v --> ⊥)) --> ⊥)) --> r) --> ⊥)) --> ⊥) --> ((r --> ⊥) --> p)) --> ⊥)) --> ⊥) --> ((u --> ⊥) --> ⊥)) --> ⊥) --> ⊥)) --> ⊥) --> ⊥) --> ⊥),84
16,(!(Diamond(Box((((!(w) && ⊥) && p) <-> (t <-> s))))) --> Diamond(p)),(((Box((Box(((((((((w --> ⊥) --> (⊥ --> ⊥)) --> ⊥) --> (p --> ⊥)) --> ⊥) --> (((t --> s) --> ((s --> t) --> ⊥)) --> ⊥)) --> (((((t --> s) --> ((s --> t) --> ⊥)) --> ⊥) --> (((((w --> ⊥) --> (⊥ --> ⊥)) --> ⊥) --> (p --> ⊥)) --> ⊥)) --> ⊥)) --> ⊥)) --> ⊥)) --> ⊥) --> ⊥) --> (Box((p --> ⊥)) --> ⊥)),74
16,Box((Box(((u || ⊥) || Diamond((w <-> y)))) --> Diamond((s <-> Diamond(u))))),Box((Box(((((u --> ⊥) --> ⊥) --> ⊥) --> (Box(((((w --> y) --> ((y --> w) --> ⊥)) --> ⊥) --> ⊥)) --> ⊥))) --> (Box(((((s --> (Box((u --> ⊥)) --> ⊥)) --> (((Box((u --> ⊥)) --> ⊥) --> s) --> ⊥)) --> ⊥) --> ⊥)) --> ⊥))),53
16,!((Box(!(Box(Box((((r || q) <-> r) || Diamond(u)))))) && Box(⊥))),(((Box((Box(Box((((((((r --> ⊥) --> q) --> r) --> ((r --> ((r --> ⊥) --> q)) --> ⊥)) --> ⊥) --> ⊥) --> (Box((u --> ⊥)) --> ⊥)))) --> ⊥)) --> (Box(⊥) --> ⊥)) --> ⊥) --> ⊥),42
16,(Diamond(((t --> !((p || !(u)))) || (s --> u))) || !(!(⊥))),(((Box(((((t --> (((p --> ⊥) --> (u --> ⊥)) --> ⊥)) --> ⊥) --> (s --> u)) --> ⊥)) --> ⊥) --> ⊥) --> ((⊥ --> ⊥) --> ⊥)),30
16,(Diamond((u || (v || Diamond(x)))) || Diamond((⊥ || Box((⊥ --> !(p)))))),(((Box((((u --> ⊥) --> ((v --> ⊥) --> (Box((x --> ⊥)) --> ⊥))) --> ⊥)) --> ⊥) --> ⊥) --> (Box((((⊥ --> ⊥) --> Box((⊥ --> (p --> ⊥)))) --> ⊥)) --> ⊥)),37
16,!(!((Box((!((!(s) || Box(v))) || Diamond(q))) --> (x --> z)))),(((Box(((((((s --> ⊥) --> ⊥) --> Box(v)) --> ⊥) --> ⊥) --> (Box((q --> ⊥)) --> ⊥))) --> (x --> z)) --> ⊥) --> ⊥),28
16,(Diamond((Diamond((Box(s) --> Box(r))) && !(!((!(s) || q))))) || q),(((Box(((((Box(((Box(s) --> Box(r)) --> ⊥)) --> ⊥) --> ((((((s --> ⊥) --> ⊥) --> q) --> ⊥) --> ⊥) --> ⊥)) --> ⊥) --> ⊥)) --> ⊥) --> ⊥) --> q),35
16,Box(!(Box((!((Diamond(Box(!(!(Diamond((p && w)))))) || r)) <-> r)))),Box((Box((((((((Box((Box((((Box((((p --> (w --> ⊥)) --> ⊥) --> ⊥)) --> ⊥) --> ⊥) --> ⊥)) --> ⊥)) --> ⊥) --> ⊥) --> r) --> ⊥) --> r) --> ((r --> ((((Box((Box((((Box((((p --> (w --> ⊥)) --> ⊥) --> ⊥)) --> ⊥) --> ⊥) --> ⊥)) --> ⊥)) --> ⊥) --> ⊥) --> r) --> ⊥)) --> ⊥)) --> ⊥)) --> ⊥)),69
16,Diamond((((⊥ <-> !(s)) <-> Diamond((p --> z))) <-> Box((Diamond(q) || p)))),(Box(((((((((((⊥ --> (s --> ⊥)) --> (((s --> ⊥) --> ⊥) --> ⊥)) --> ⊥) --> (Box(((p --> z) --> ⊥)) --> ⊥)) --> (((Box(((p --> z) --> ⊥)) --> ⊥) --> (((⊥ --> (s --> ⊥)) --> (((s --> ⊥) --> ⊥) --> ⊥)) --> ⊥)) --> ⊥)) --> ⊥) --> Box((((Box((q --> ⊥)) --> ⊥) --> ⊥) --> p))) --> ((Box((((Box((q --> ⊥)) --> ⊥) --> ⊥) --> p)) --> ((((((⊥ --> (s --> ⊥)) --> (((s --> ⊥) --> ⊥) --> ⊥)) --> ⊥) --> (Box(((p --> z) --> ⊥)) --> ⊥)) --> (((Box(((p --> z) --> ⊥)) --> ⊥) --> (((⊥ --> (s --> ⊥)) --> (((s --> ⊥) --> ⊥) --> ⊥)) --> ⊥)) --> ⊥)) --> ⊥)) --> ⊥)) --> ⊥) --> ⊥)) --> ⊥),140
16,!(Box(((p <-> x) <-> ((t <-> (Diamond(!(w)) && r)) || !(s))))),(Box(((((((p --> x) --> ((x --> p) --> ⊥)) --> ⊥) --> (((((t --> (((Box(((w --> ⊥) --> ⊥)) --> ⊥) --> (r --> ⊥)) --> ⊥)) --> (((((Box(((w --> ⊥) --> ⊥)) --> ⊥) --> (r --> ⊥)) --> ⊥) --> t) --> ⊥)) --> ⊥) --> ⊥) --> (s --> ⊥))) --> (((((((t --> (((Box(((w --> ⊥) --> ⊥)) --> ⊥) --> (r --> ⊥)) --> ⊥)) --> (((((Box(((w --> ⊥) --> ⊥)) --> ⊥) --> (r --> ⊥)) --> ⊥) --> t) --> ⊥)) --> ⊥) --> ⊥) --> (s --> ⊥)) --> (((p --> x) --> ((x --> p) --> ⊥)) --> ⊥)) --> ⊥)) --> ⊥)) --> ⊥),118
16,Diamond((!(Box(u)) <-> (Diamond(w) --> (u || (⊥ --> Diamond((p && v))))))),(Box((((((Box(u) --> ⊥) --> ((Box((w --> ⊥)) --> ⊥) --> ((u --> ⊥) --> (⊥ --> (Box((((p --> (v --> ⊥)) --> ⊥) --> ⊥)) --> ⊥))))) --> ((((Box((w --> ⊥)) --> ⊥) --> ((u --> ⊥) --> (⊥ --> (Box((((p --> (v --> ⊥)) --> ⊥) --> ⊥)) --> ⊥)))) --> (Box(u) --> ⊥)) --> ⊥)) --> ⊥) --> ⊥)) --> ⊥),70
16,Diamond(Diamond(((((⊥ <-> !(u)) <-> !(y)) && (y || u)) || !(q)))),(Box(((Box((((((((((((⊥ --> (u --> ⊥)) --> (((u --> ⊥) --> ⊥) --> ⊥)) --> ⊥) --> (y --> ⊥)) --> (((y --> ⊥) --> (((⊥ --> (u --> ⊥)) --> (((u --> ⊥) --> ⊥) --> ⊥)) --> ⊥)) --> ⊥)) --> ⊥) --> (((y --> ⊥) --> u) --> ⊥)) --> ⊥) --> ⊥) --> (q --> ⊥)) --> ⊥)) --> ⊥) --> ⊥)) --> ⊥),69
16,Diamond(((!((r --> Diamond(y))) --> s) <-> (Box((t || s)) --> Box(x)))),(Box((((((((r --> (Box((y --> ⊥)) --> ⊥)) --> ⊥) --> s) --> (Box(((t --> ⊥) --> s)) --> Box(x))) --> (((Box(((t --> ⊥) --> s)) --> Box(x)) --> (((r --> (Box((y --> ⊥)) --> ⊥)) --> ⊥) --> s)) --> ⊥)) --> ⊥) --> ⊥)) --> ⊥),54
16,Diamond((Box((Diamond((z --> (⊥ <-> q))) || !(x))) --> (Box(⊥) <-> v))),(Box(((Box((((Box(((z --> (((⊥ --> q) --> ((q --> ⊥) --> ⊥)) --> ⊥)) --> ⊥)) --> ⊥) --> ⊥) --> (x --> ⊥))) --> (((Box(⊥) --> v) --> ((v --> Box(⊥)) --> ⊥)) --> ⊥)) --> ⊥)) --> ⊥),44
16,!(Box(!((((y || r) && (z --> Box(w))) <-> (!(u) --> q))))),(Box(((((((((y --> ⊥) --> r) --> ((z --> Box(w)) --> ⊥)) --> ⊥) --> ((u --> ⊥) --> q)) --> ((((u --> ⊥) --> q) --> ((((y --> ⊥) --> r) --> ((z --> Box(w)) --> ⊥)) --> ⊥)) --> ⊥)) --> ⊥) --> ⊥)) --> ⊥),50
16,Diamond(Diamond((r || Diamond(Box(((⊥ --> w) --> (!(z) <-> (⊥ || v)))))))),(Box(((Box((((r --> ⊥) --> (Box((Box(((⊥ --> w) --> ((((z --> ⊥) --> ((⊥ --> ⊥) --> v)) --> ((((⊥ --> ⊥) --> v) --> (z --> ⊥)) --> ⊥)) --> ⊥))) --> ⊥)) --> ⊥)) --> ⊥)) --> ⊥) --> ⊥)) --> ⊥),47
16,Diamond((((!((Box(w) <-> y)) --> s) --> u) || (s && (p && p)))),(Box((((((((((Box(w) --> y) --> ((y --> Box(w)) --> ⊥)) --> ⊥) --> ⊥) --> s) --> u) --> ⊥) --> ((s --> (((p --> (p --> ⊥)) --> ⊥) --> ⊥)) --> ⊥)) --> ⊥)) --> ⊥),40
16,,,-1
16,,,-1
16,,,-1
16,,,-1
17,((z && Box(q)) && (Diamond((q && Diamond(u))) <-> (Box(s) <-> (r <-> q)))),((((z --> (Box(q) --> ⊥)) --> ⊥) --> (((((Box((((q --> ((Box((u --> ⊥)) --> ⊥) --> ⊥)) --> ⊥) --> ⊥)) --> ⊥) --> (((Box(s) --> (((r --> q) --> ((q --> r) --> ⊥)) --> ⊥)) --> (((((r --> q) --> ((q --> r) --> ⊥)) --> ⊥) --> Box(s)) --> ⊥)) --> ⊥)) --> (((((Box(s) --> (((r --> q) --> ((q --> r) --> ⊥)) --> ⊥)) --> (((((r --> q) --> ((q --> r) --> ⊥)) --> ⊥) --> Box(s)) --> ⊥)) --> ⊥) --> (Box((((q --> ((Box((u --> ⊥)) --> ⊥) --> ⊥)) --> ⊥) --> ⊥)) --> ⊥)) --> ⊥)) --> ⊥) --> ⊥)) --> ⊥),120
17,(!(((!(Diamond(w)) <-> !(r)) --> Box((q || p)))) <-> (Box(w) <-> q)),((((((((((Box((w --> ⊥)) --> ⊥) --> ⊥) --> (r --> ⊥)) --> (((r --> ⊥) --> ((Box((w --> ⊥)) --> ⊥) --> ⊥)) --> ⊥)) --> ⊥) --> Box(((q --> ⊥) --> p))) --> ⊥) --> (((Box(w) --> q) --> ((q --> Box(w)) --> ⊥)) --> ⊥)) --> (((((Box(w) --> q) --> ((q --> Box(w)) --> ⊥)) --> ⊥) --> (((((((Box((w --> ⊥)) --> ⊥) --> ⊥) --> (r --> ⊥)) --> (((r --> ⊥) --> ((Box((w --> ⊥)) --> ⊥) --> ⊥)) --> ⊥)) --> ⊥) --> Box(((q --> ⊥) --> p))) --> ⊥)) --> ⊥)) --> ⊥),109
17,(((Diamond(t) --> y) && p) --> (⊥ || (((⊥ && w) <-> Box(y)) <-> t))),(((((Box((t --> ⊥)) --> ⊥) --> y) --> (p --> ⊥)) --> ⊥) --> ((⊥ --> ⊥) --> ((((((((⊥ --> (w --> ⊥)) --> ⊥) --> Box(y)) --> ((Box(y) --> ((⊥ --> (w --> ⊥)) --> ⊥)) --> ⊥)) --> ⊥) --> t) --> ((t --> (((((⊥ --> (w --> ⊥)) --> ⊥) --> Box(y)) --> ((Box(y) --> ((⊥ --> (w --> ⊥)) --> ⊥)) --> ⊥)) --> ⊥)) --> ⊥)) --> ⊥))),78
17,(Box(w) <-> (!(⊥) --> !((Diamond(u) <-> (z --> (!(!(w)) && ⊥)))))),(((Box(w) --> ((⊥ --> ⊥) --> (((((Box((u --> ⊥)) --> ⊥) --> (z --> ((((w --> ⊥) --> ⊥) --> (⊥ --> ⊥)) --> ⊥))) --> (((z --> ((((w --> ⊥) --> ⊥) --> (⊥ --> ⊥)) --> ⊥)) --> (Box((u --> ⊥)) --> ⊥)) --> ⊥)) --> ⊥) --> ⊥))) --> ((((⊥ --> ⊥) --> (((((Box((u --> ⊥)) --> ⊥) --> (z --> ((((w --> ⊥) --> ⊥) --> (⊥ --> ⊥)) --> ⊥))) --> (((z --> ((((w --> ⊥) --> ⊥) --> (⊥ --> ⊥)) --> ⊥)) --> (Box((u --> ⊥)) --> ⊥)) --> ⊥)) --> ⊥) --> ⊥)) --> Box(w)) --> ⊥)) --> ⊥),113
17,(Diamond(Diamond(Diamond(((Diamond((Box(⊥) <-> Box(⊥))) || Diamond(Box(s))) <-> ⊥)))) <-> v),((((Box(((Box(((Box((((((((Box(((((Box(⊥) --> Box(⊥)) --> ((Box(⊥) --> Box(⊥)) --> ⊥)) --> ⊥) --> ⊥)) --> ⊥) --> ⊥) --> (Box((Box(s) --> ⊥)) --> ⊥)) --> ⊥) --> ((⊥ --> (((Box(((((Box(⊥) --> Box(⊥)) --> ((Box(⊥) --> Box(⊥)) --> ⊥)) --> ⊥) --> ⊥)) --> ⊥) --> ⊥) --> (Box((Box(s) --> ⊥)) --> ⊥))) --> ⊥)) --> ⊥) --> ⊥)) --> ⊥) --> ⊥)) --> ⊥) --> ⊥)) --> ⊥) --> v) --> ((v --> (Box(((Box(((Box((((((((Box(((((Box(⊥) --> Box(⊥)) --> ((Box(⊥) --> Box(⊥)) --> ⊥)) --> ⊥) --> ⊥)) --> ⊥) --> ⊥) --> (Box((Box(s) --> ⊥)) --> ⊥)) --> ⊥) --> ((⊥ --> (((Box(((((Box(⊥) --> Box(⊥)) --> ((Box(⊥) --> Box(⊥)) --> ⊥)) --> ⊥) --> ⊥)) --> ⊥) --> ⊥) --> (Box((Box(s) --> ⊥)) --> ⊥))) --> ⊥)) --> ⊥) --> ⊥)) --> ⊥) --> ⊥)) --> ⊥) --> ⊥)) --> ⊥)) --> ⊥)) --> ⊥),177
17,((Box(r) || q) <-> Diamond((((w && !(⊥)) || v) <-> (⊥ && !(q))))),(((((Box(r) --> ⊥) --> q) --> (Box(((((((((w --> ((⊥ --> ⊥) --> ⊥)) --> ⊥) --> ⊥) --> v) --> ((⊥ --> ((q --> ⊥) --> ⊥)) --> ⊥)) --> ((((⊥ --> ((q --> ⊥) --> ⊥)) --> ⊥) --> ((((w --> ((⊥ --> ⊥) --> ⊥)) --> ⊥) --> ⊥) --> v)) --> ⊥)) --> ⊥) --> ⊥)) --> ⊥)) --> (((Box(((((((((w --> ((⊥ --> ⊥) --> ⊥)) --> ⊥) --> ⊥) --> v) --> ((⊥ --> ((q --> ⊥) --> ⊥)) --> ⊥)) --> ((((⊥ --> ((q --> ⊥) --> ⊥)) --> ⊥) --> ((((w --> ((⊥ --> ⊥) --> ⊥)) --> ⊥) --> ⊥) --> v)) --> ⊥)) --> ⊥) --> ⊥)) --> ⊥) --> ((Box(r) --> ⊥) --> q)) --> ⊥)) --> ⊥),131
17,((Diamond(!(⊥)) || Box(w)) <-> Box((!((q --> x)) <-> (t || !(y))))),((((((Box(((⊥ --> ⊥) --> ⊥)) --> ⊥) --> ⊥) --> Box(w)) --> Box((((((q --> x) --> ⊥) --> ((t --> ⊥) --> (y --> ⊥))) --> ((((t --> ⊥) --> (y --> ⊥)) --> ((q --> x) --> ⊥)) --> ⊥)) --> ⊥))) --> ((Box((((((q --> x) --> ⊥) --> ((t --> ⊥) --> (y --> ⊥))) --> ((((t --> ⊥) --> (y --> ⊥)) --> ((q --> x) --> ⊥)) --> ⊥)) --> ⊥)) --> (((Box(((⊥ --> ⊥) --> ⊥)) --> ⊥) --> ⊥) --> Box(w))) --> ⊥)) --> ⊥),97
17,(Box(y) <-> Box((!(⊥) <-> (Box(((x --> p) || t)) --> (v && ⊥))))),(((Box(y) --> Box(((((⊥ --> ⊥) --> (Box((((x --> p) --> ⊥) --> t)) --> ((v --> (⊥ --> ⊥)) --> ⊥))) --> (((Box((((x --> p) --> ⊥) --> t)) --> ((v --> (⊥ --> ⊥)) --> ⊥)) --> (⊥ --> ⊥)) --> ⊥)) --> ⊥))) --> ((Box(((((⊥ --> ⊥) --> (Box((((x --> p) --> ⊥) --> t)) --> ((v --> (⊥ --> ⊥)) --> ⊥))) --> (((Box((((x --> p) --> ⊥) --> t)) --> ((v --> (⊥ --> ⊥)) --> ⊥)) --> (⊥ --> ⊥)) --> ⊥)) --> ⊥)) --> Box(y)) --> ⊥)) --> ⊥),103
17,!(!((((!(((p --> x) || Diamond(Box(z)))) <-> ⊥) --> q) || Box(⊥)))),((((((((((((p --> x) --> ⊥) --> (Box((Box(z) --> ⊥)) --> ⊥)) --> ⊥) --> ⊥) --> ((⊥ --> ((((p --> x) --> ⊥) --> (Box((Box(z) --> ⊥)) --> ⊥)) --> ⊥)) --> ⊥)) --> ⊥) --> q) --> ⊥) --> Box(⊥)) --> ⊥) --> ⊥),50
17,(((Box(Diamond((u <-> z))) && Diamond((u && p))) --> Box(Box(!(x)))) <-> q),((((((Box((Box(((((u --> z) --> ((z --> u) --> ⊥)) --> ⊥) --> ⊥)) --> ⊥)) --> ((Box((((u --> (p --> ⊥)) --> ⊥) --> ⊥)) --> ⊥) --> ⊥)) --> ⊥) --> Box(Box((x --> ⊥)))) --> q) --> ((q --> (((Box((Box(((((u --> z) --> ((z --> u) --> ⊥)) --> ⊥) --> ⊥)) --> ⊥)) --> ((Box((((u --> (p --> ⊥)) --> ⊥) --> ⊥)) --> ⊥) --> ⊥)) --> ⊥) --> Box(Box((x --> ⊥))))) --> ⊥)) --> ⊥),89
17,(Diamond((⊥ && Diamond(r))) && (Diamond((t || Diamond((t --> Diamond(⊥))))) <-> Diamond(r))),(((Box((((⊥ --> ((Box((r --> ⊥)) --> ⊥) --> ⊥)) --> ⊥) --> ⊥)) --> ⊥) --> (((((Box((((t --> ⊥) --> (Box(((t --> (Box((⊥ --> ⊥)) --> ⊥)) --> ⊥)) --> ⊥)) --> ⊥)) --> ⊥) --> (Box((r --> ⊥)) --> ⊥)) --> (((Box((r --> ⊥)) --> ⊥) --> (Box((((t --> ⊥) --> (Box(((t --> (Box((⊥ --> ⊥)) --> ⊥)) --> ⊥)) --> ⊥)) --> ⊥)) --> ⊥)) --> ⊥)) --> ⊥) --> ⊥)) --> ⊥),85
17,((Box((Box(x) <-> Diamond(z))) || Diamond(v)) && Diamond(((r && ⊥) --> Diamond(⊥)))),((((Box((((Box(x) --> (Box((z --> ⊥)) --> ⊥)) --> (((Box((z --> ⊥)) --> ⊥) --> Box(x)) --> ⊥)) --> ⊥)) --> ⊥) --> (Box((v --> ⊥)) --> ⊥)) --> ((Box(((((r --> (⊥ --> ⊥)) --> ⊥) --> (Box((⊥ --> ⊥)) --> ⊥)) --> ⊥)) --> ⊥) --> ⊥)) --> ⊥),57
17,(Diamond(q) --> (!(z) <-> (!(t) && (v || Box((Box(Box(w)) || v)))))),((Box((q --> ⊥)) --> ⊥) --> ((((z --> ⊥) --> (((t --> ⊥) --> (((v --> ⊥) --> Box(((Box(Box(w)) --> ⊥) --> v))) --> ⊥)) --> ⊥)) --> (((((t --> ⊥) --> (((v --> ⊥) --> Box(((Box(Box(w)) --> ⊥) --> v))) --> ⊥)) --> ⊥) --> (z --> ⊥)) --> ⊥)) --> ⊥)),60
17,!((Box((Box(z) --> v)) --> (Diamond(v) <-> !(!((z && (r || ⊥))))))),((Box((Box(z) --> v)) --> ((((Box((v --> ⊥)) --> ⊥) --> ((((z --> (((r --> ⊥) --> ⊥) --> ⊥)) --> ⊥) --> ⊥) --> ⊥)) --> ((((((z --> (((r --> ⊥) --> ⊥) --> ⊥)) --> ⊥) --> ⊥) --> ⊥) --> (Box((v --> ⊥)) --> ⊥)) --> ⊥)) --> ⊥)) --> ⊥),57
17,!((!((p <-> (r || Box(((s <-> u) && Diamond(s)))))) || (z --> q))),(((((((p --> ((r --> ⊥) --> Box((((((s --> u) --> ((u --> s) --> ⊥)) --> ⊥) --> ((Box((s --> ⊥)) --> ⊥) --> ⊥)) --> ⊥)))) --> ((((r --> ⊥) --> Box((((((s --> u) --> ((u --> s) --> ⊥)) --> ⊥) --> ((Box((s --> ⊥)) --> ⊥) --> ⊥)) --> ⊥))) --> p) --> ⊥)) --> ⊥) --> ⊥) --> ⊥) --> (z --> q)) --> ⊥),73
17,(((⊥ || y) --> !((w || t))) <-> (Diamond((Box(t) || !(v))) --> p)),((((((⊥ --> ⊥) --> y) --> (((w --> ⊥) --> t) --> ⊥)) --> ((Box((((Box(t) --> ⊥) --> (v --> ⊥)) --> ⊥)) --> ⊥) --> p)) --> ((((Box((((Box(t) --> ⊥) --> (v --> ⊥)) --> ⊥)) --> ⊥) --> p) --> (((⊥ --> ⊥) --> y) --> (((w --> ⊥) --> t) --> ⊥))) --> ⊥)) --> ⊥),63
17,!(!(((!(Box(Box(t))) && !(!(Diamond(q)))) --> (y && (r --> u))))),((((((Box(Box(t)) --> ⊥) --> ((((Box((q --> ⊥)) --> ⊥) --> ⊥) --> ⊥) --> ⊥)) --> ⊥) --> ((y --> ((r --> u) --> ⊥)) --> ⊥)) --> ⊥) --> ⊥),34
17,(((z <-> p) <-> (w --> Box(⊥))) && Diamond(!(!(Box(Diamond((⊥ --> ⊥))))))),((((((((z --> p) --> ((p --> z) --> ⊥)) --> ⊥) --> (w --> Box(⊥))) --> (((w --> Box(⊥)) --> (((z --> p) --> ((p --> z) --> ⊥)) --> ⊥)) --> ⊥)) --> ⊥) --> ((Box((((Box((Box(((⊥ --> ⊥) --> ⊥)) --> ⊥)) --> ⊥) --> ⊥) --> ⊥)) --> ⊥) --> ⊥)) --> ⊥),60
17,(((⊥ && s) && (!(p) || ((Diamond(p) --> Box(r)) || t))) || Diamond(z)),((((((⊥ --> (s --> ⊥)) --> ⊥) --> ((((p --> ⊥) --> ⊥) --> ((((Box((p --> ⊥)) --> ⊥) --> Box(r)) --> ⊥) --> t)) --> ⊥)) --> ⊥) --> ⊥) --> (Box((z --> ⊥)) --> ⊥)),40
17,(((Box(s) || (z <-> y)) --> (Diamond((v || y)) && Box(w))) && Box(⊥)),(((((Box(s) --> ⊥) --> (((z --> y) --> ((y --> z) --> ⊥)) --> ⊥)) --> (((Box((((v --> ⊥) --> y) --> ⊥)) --> ⊥) --> (Box(w) --> ⊥)) --> ⊥)) --> (Box(⊥) --> ⊥)) --> ⊥),41
17,((s <-> v) && Box(Box(((⊥ && Box((r || t))) && (Diamond(y) || ⊥))))),(((((s --> v) --> ((v --> s) --> ⊥)) --> ⊥) --> (Box(Box(((((⊥ --> (Box(((r --> ⊥) --> t)) --> ⊥)) --> ⊥) --> ((((Box((y --> ⊥)) --> ⊥) --> ⊥) --> ⊥) --> ⊥)) --> ⊥))) --> ⊥)) --> ⊥),45
17,((Box(s) || !(Diamond(Diamond(Diamond(y))))) && (w && (Box(⊥) && !(Diamond(⊥))))),((((Box(s) --> ⊥) --> ((Box(((Box(((Box((y --> ⊥)) --> ⊥) --> ⊥)) --> ⊥) --> ⊥)) --> ⊥) --> ⊥)) --> (((w --> (((Box(⊥) --> (((Box((⊥ --> ⊥)) --> ⊥) --> ⊥) --> ⊥)) --> ⊥) --> ⊥)) --> ⊥) --> ⊥)) --> ⊥),49
17,!((((w <-> u) && (w --> Diamond(Diamond(!(q))))) --> (!(p) <-> Diamond(u)))),(((((((w --> u) --> ((u --> w) --> ⊥)) --> ⊥) --> ((w --> (Box(((Box(((q --> ⊥) --> ⊥)) --> ⊥) --> ⊥)) --> ⊥)) --> ⊥)) --> ⊥) --> ((((p --> ⊥) --> (Box((u --> ⊥)) --> ⊥)) --> (((Box((u --> ⊥)) --> ⊥) --> (p --> ⊥)) --> ⊥)) --> ⊥)) --> ⊥),59
17,((!(v) || (⊥ || ⊥)) || (Box(q) && !((r || (!(q) <-> q))))),(((((v --> ⊥) --> ⊥) --> ((⊥ --> ⊥) --> ⊥)) --> ⊥) --> ((Box(q) --> ((((r --> ⊥) --> ((((q --> ⊥) --> q) --> ((q --> (q --> ⊥)) --> ⊥)) --> ⊥)) --> ⊥) --> ⊥)) --> ⊥)),42
17,(Diamond(⊥) || ((((Box(r) <-> ⊥) || Box(!(q))) && s) --> (r --> ⊥))),(((Box((⊥ --> ⊥)) --> ⊥) --> ⊥) --> ((((((((Box(r) --> ⊥) --> ((⊥ --> Box(r)) --> ⊥)) --> ⊥) --> ⊥) --> Box((q --> ⊥))) --> (s --> ⊥)) --> ⊥) --> (r --> ⊥))),39
17,(((w || (w && x)) && (!((z || y)) --> v)) --> (Box(x) && ⊥)),(((((w --> ⊥) --> ((w --> (x --> ⊥)) --> ⊥)) --> (((((z --> ⊥) --> y) --> ⊥) --> v) --> ⊥)) --> ⊥) --> ((Box(x) --> (⊥ --> ⊥)) --> ⊥)),34
17,Box((((q && (s || x)) <-> x) && Diamond((Box(w) && (p --> Box(⊥)))))),Box((((((((q --> (((s --> ⊥) --> x) --> ⊥)) --> ⊥) --> x) --> ((x --> ((q --> (((s --> ⊥) --> x) --> ⊥)) --> ⊥)) --> ⊥)) --> ⊥) --> ((Box((((Box(w) --> ((p --> Box(⊥)) --> ⊥)) --> ⊥) --> ⊥)) --> ⊥) --> ⊥)) --> ⊥)),53
17,((s || Box(u)) && ((s || !(⊥)) --> !(((p --> v) <-> Box(⊥))))),((((s --> ⊥) --> Box(u)) --> ((((s --> ⊥) --> (⊥ --> ⊥)) --> (((((p --> v) --> Box(⊥)) --> ((Box(⊥) --> (p --> v)) --> ⊥)) --> ⊥) --> ⊥)) --> ⊥)) --> ⊥),38
17,!(Diamond((v && ((s && y) --> (⊥ || (!(!(⊥)) && (r --> t))))))),((Box((((v --> ((((s --> (y --> ⊥)) --> ⊥) --> ((⊥ --> ⊥) --> ((((⊥ --> ⊥) --> ⊥) --> ((r --> t) --> ⊥)) --> ⊥))) --> ⊥)) --> ⊥) --> ⊥)) --> ⊥) --> ⊥),38
17,((p && s) --> (((y --> Diamond(⊥)) || ((z && x) || u)) && !(t))),(((p --> (s --> ⊥)) --> ⊥) --> (((((y --> (Box((⊥ --> ⊥)) --> ⊥)) --> ⊥) --> ((((z --> (x --> ⊥)) --> ⊥) --> ⊥) --> u)) --> ((t --> ⊥) --> ⊥)) --> ⊥)),38
17,((s --> Diamond((Box(w) && Diamond(⊥)))) && ((⊥ <-> (v --> w)) --> Diamond(z))),(((s --> (Box((((Box(w) --> ((Box((⊥ --> ⊥)) --> ⊥) --> ⊥)) --> ⊥) --> ⊥)) --> ⊥)) --> (((((⊥ --> (v --> w)) --> (((v --> w) --> ⊥) --> ⊥)) --> ⊥) --> (Box((z --> ⊥)) --> ⊥)) --> ⊥)) --> ⊥),47
17,Box(((!(Box((s --> !(⊥)))) && Diamond(Diamond(!(w)))) || (Diamond(r) && r))),Box((((((Box((s --> (⊥ --> ⊥))) --> ⊥) --> ((Box(((Box(((w --> ⊥) --> ⊥)) --> ⊥) --> ⊥)) --> ⊥) --> ⊥)) --> ⊥) --> ⊥) --> (((Box((r --> ⊥)) --> ⊥) --> (r --> ⊥)) --> ⊥))),42
17,((s --> Box((!(t) <-> x))) || !(Diamond(Box(Diamond((⊥ <-> (y --> ⊥))))))),(((s --> Box(((((t --> ⊥) --> x) --> ((x --> (t --> ⊥)) --> ⊥)) --> ⊥))) --> ⊥) --> ((Box((Box((Box(((((⊥ --> (y --> ⊥)) --> (((y --> ⊥) --> ⊥) --> ⊥)) --> ⊥) --> ⊥)) --> ⊥)) --> ⊥)) --> ⊥) --> ⊥)),49
17,(!((z && Box(r))) && (Diamond(t) --> (z --> ((!(q) --> r) || ⊥)))),(((((z --> (Box(r) --> ⊥)) --> ⊥) --> ⊥) --> (((Box((t --> ⊥)) --> ⊥) --> (z --> ((((q --> ⊥) --> r) --> ⊥) --> ⊥))) --> ⊥)) --> ⊥),33
17,!((((x <-> y) --> (Box(y) --> !(⊥))) || !(Diamond(Box((q || ⊥)))))),(((((((x --> y) --> ((y --> x) --> ⊥)) --> ⊥) --> (Box(y) --> (⊥ --> ⊥))) --> ⊥) --> ((Box((Box(((q --> ⊥) --> ⊥)) --> ⊥)) --> ⊥) --> ⊥)) --> ⊥),36
17,!((!(((!(!((r --> s))) --> Box(p)) --> p)) --> (!(⊥) && y))),((((((((r --> s) --> ⊥) --> ⊥) --> Box(p)) --> p) --> ⊥) --> (((⊥ --> ⊥) --> (y --> ⊥)) --> ⊥)) --> ⊥),26
17,((!(Box(⊥)) || ((r && t) <-> Box(x))) --> Diamond((⊥ || (t || r)))),((((Box(⊥) --> ⊥) --> ⊥) --> (((((r --> (t --> ⊥)) --> ⊥) --> Box(x)) --> ((Box(x) --> ((r --> (t --> ⊥)) --> ⊥)) --> ⊥)) --> ⊥)) --> (Box((((⊥ --> ⊥) --> ((t --> ⊥) --> r)) --> ⊥)) --> ⊥)),47
17,(Diamond(!(Diamond(Box(⊥)))) && (!((!(z) || Box(Box(!(p))))) && Diamond(⊥))),(((Box((((Box((Box(⊥) --> ⊥)) --> ⊥) --> ⊥) --> ⊥)) --> ⊥) --> (((((((z --> ⊥) --> ⊥) --> Box(Box((p --> ⊥)))) --> ⊥) --> ((Box((⊥ --> ⊥)) --> ⊥) --> ⊥)) --> ⊥) --> ⊥)) --> ⊥),43
17,(!((Box(s) --> w)) --> ((!(x) || r) --> ((y --> Box(r)) && ⊥))),(((Box(s) --> w) --> ⊥) --> ((((x --> ⊥) --> ⊥) --> r) --> (((y --> Box(r)) --> (⊥ --> ⊥)) --> ⊥))),25
17,(Diamond(!(!(!(!((⊥ || ⊥)))))) && ((p && !(Box(s))) && !(p))),(((Box((((((((⊥ --> ⊥) --> ⊥) --> ⊥) --> ⊥) --> ⊥) --> ⊥) --> ⊥)) --> ⊥) --> (((((p --> ((Box(s) --> ⊥) --> ⊥)) --> ⊥) --> ((p --> ⊥) --> ⊥)) --> ⊥) --> ⊥)) --> ⊥),41
17,(Box((Box(u) --> !(v))) && Diamond(((!(Diamond(⊥)) <-> (q || z)) || q))),((Box((Box(u) --> (v --> ⊥))) --> ((Box(((((((((Box((⊥ --> ⊥)) --> ⊥) --> ⊥) --> ((q --> ⊥) --> z)) --> ((((q --> ⊥) --> z) --> ((Box((⊥ --> ⊥)) --> ⊥) --> ⊥)) --> ⊥)) --> ⊥) --> ⊥) --> q) --> ⊥)) --> ⊥) --> ⊥)) --> ⊥),54
17,!(((Box(⊥) --> (t && ⊥)) || Box(((Box(z) --> ⊥) <-> Diamond(Box(⊥)))))),((((Box(⊥) --> ((t --> (⊥ --> ⊥)) --> ⊥)) --> ⊥) --> Box(((((Box(z) --> ⊥) --> (Box((Box(⊥) --> ⊥)) --> ⊥)) --> (((Box((Box(⊥) --> ⊥)) --> ⊥) --> (Box(z) --> ⊥)) --> ⊥)) --> ⊥))) --> ⊥),45
17,(!((Diamond(Box(w)) || p)) --> Diamond(Box(Diamond((!((⊥ || v)) --> Diamond(t)))))),(((((Box((Box(w) --> ⊥)) --> ⊥) --> ⊥) --> p) --> ⊥) --> (Box((Box((Box((((((⊥ --> ⊥) --> v) --> ⊥) --> (Box((t --> ⊥)) --> ⊥)) --> ⊥)) --> ⊥)) --> ⊥)) --> ⊥)),39
17,((!(x) --> (⊥ <-> Diamond(Diamond(u)))) --> Diamond(Box((Box(⊥) && (z --> q))))),(((x --> ⊥) --> (((⊥ --> (Box(((Box((u --> ⊥)) --> ⊥) --> ⊥)) --> ⊥)) --> (((Box(((Box((u --> ⊥)) --> ⊥) --> ⊥)) --> ⊥) --> ⊥) --> ⊥)) --> ⊥)) --> (Box((Box(((Box(⊥) --> ((z --> q) --> ⊥)) --> ⊥)) --> ⊥)) --> ⊥)),52
17,((q --> (u || (Diamond((u || (Box(q) <-> p))) || Box(⊥)))) --> Diamond(x)),((q --> ((u --> ⊥) --> (((Box((((u --> ⊥) --> (((Box(q) --> p) --> ((p --> Box(q)) --> ⊥)) --> ⊥)) --> ⊥)) --> ⊥) --> ⊥) --> Box(⊥)))) --> (Box((x --> ⊥)) --> ⊥)),40
17,!((Box((z <-> v)) && Box(((y && (Box(x) && Box(u))) <-> !(q))))),(((Box((((z --> v) --> ((v --> z) --> ⊥)) --> ⊥)) --> (Box((((((y --> (((Box(x) --> (Box(u) --> ⊥)) --> ⊥) --> ⊥)) --> ⊥) --> (q --> ⊥)) --> (((q --> ⊥) --> ((y --> (((Box(x) --> (Box(u) --> ⊥)) --> ⊥) --> ⊥)) --> ⊥)) --> ⊥)) --> ⊥)) --> ⊥)) --> ⊥) --> ⊥),63
17,Box(Box(Diamond(((q || (v && v)) && Diamond(((t || ⊥) --> (x --> p))))))),Box(Box((Box((((((q --> ⊥) --> ((v --> (v --> ⊥)) --> ⊥)) --> ((Box(((((t --> ⊥) --> ⊥) --> (x --> p)) --> ⊥)) --> ⊥) --> ⊥)) --> ⊥) --> ⊥)) --> ⊥))),37
17,(!(p) --> Box(Diamond(((Diamond((Box((v && ⊥)) || ⊥)) --> w) || Diamond(s))))),((p --> ⊥) --> Box((Box((((((Box((((Box(((v --> (⊥ --> ⊥)) --> ⊥)) --> ⊥) --> ⊥) --> ⊥)) --> ⊥) --> w) --> ⊥) --> (Box((s --> ⊥)) --> ⊥)) --> ⊥)) --> ⊥))),38
17,Box(Diamond(((Box(p) <-> (Diamond(((q <-> ⊥) || r)) <-> u)) || Diamond(!(t))))),Box((Box(((((((Box(p) --> ((((Box(((((((q --> ⊥) --> ((⊥ --> q) --> ⊥)) --> ⊥) --> ⊥) --> r) --> ⊥)) --> ⊥) --> u) --> ((u --> (Box(((((((q --> ⊥) --> ((⊥ --> q) --> ⊥)) --> ⊥) --> ⊥) --> r) --> ⊥)) --> ⊥)) --> ⊥)) --> ⊥)) --> ((((((Box(((((((q --> ⊥) --> ((⊥ --> q) --> ⊥)) --> ⊥) --> ⊥) --> r) --> ⊥)) --> ⊥) --> u) --> ((u --> (Box(((((((q --> ⊥) --> ((⊥ --> q) --> ⊥)) --> ⊥) --> ⊥) --> r) --> ⊥)) --> ⊥)) --> ⊥)) --> ⊥) --> Box(p)) --> ⊥)) --> ⊥) --> ⊥) --> (Box(((t --> ⊥) --> ⊥)) --> ⊥)) --> ⊥)) --> ⊥)),126
17,((Box(((Diamond(⊥) <-> Diamond(x)) --> Box((⊥ --> Box(t))))) || Box(y)) --> t),(((Box((((((Box((⊥ --> ⊥)) --> ⊥) --> (Box((x --> ⊥)) --> ⊥)) --> (((Box((x --> ⊥)) --> ⊥) --> (Box((⊥ --> ⊥)) --> ⊥)) --> ⊥)) --> ⊥) --> Box((⊥ --> Box(t))))) --> ⊥) --> Box(y)) --> t),45
17,Box(Diamond(!(Box((!(((y || Box(s)) <-> x)) --> Box((Box(⊥) && ⊥))))))),Box((Box(((Box((((((((y --> ⊥) --> Box(s)) --> x) --> ((x --> ((y --> ⊥) --> Box(s))) --> ⊥)) --> ⊥) --> ⊥) --> Box(((Box(⊥) --> (⊥ --> ⊥)) --> ⊥)))) --> ⊥) --> ⊥)) --> ⊥)),42
17,Diamond((⊥ <-> Diamond(((Diamond(⊥) || Box(Diamond(Diamond((u --> w))))) && (q && v))))),(Box(((((⊥ --> (Box(((((((Box((⊥ --> ⊥)) --> ⊥) --> ⊥) --> Box((Box(((Box(((u --> w) --> ⊥)) --> ⊥) --> ⊥)) --> ⊥))) --> (((q --> (v --> ⊥)) --> ⊥) --> ⊥)) --> ⊥) --> ⊥)) --> ⊥)) --> (((Box(((((((Box((⊥ --> ⊥)) --> ⊥) --> ⊥) --> Box((Box(((Box(((u --> w) --> ⊥)) --> ⊥) --> ⊥)) --> ⊥))) --> (((q --> (v --> ⊥)) --> ⊥) --> ⊥)) --> ⊥) --> ⊥)) --> ⊥) --> ⊥) --> ⊥)) --> ⊥) --> ⊥)) --> ⊥),94
17,Diamond(((Diamond(z) && (!(!(Diamond(Diamond(v)))) && ⊥)) || (Diamond(⊥) --> Diamond(v)))),(Box(((((((Box((z --> ⊥)) --> ⊥) --> ((((((Box(((Box((v --> ⊥)) --> ⊥) --> ⊥)) --> ⊥) --> ⊥) --> ⊥) --> (⊥ --> ⊥)) --> ⊥) --> ⊥)) --> ⊥) --> ⊥) --> ((Box((⊥ --> ⊥)) --> ⊥) --> (Box((v --> ⊥)) --> ⊥))) --> ⊥)) --> ⊥),53
17,Diamond((!(t) --> (!(Box(⊥)) --> (y || (v <-> Diamond((r && Diamond(q)))))))),(Box((((t --> ⊥) --> ((Box(⊥) --> ⊥) --> ((y --> ⊥) --> (((v --> (Box((((r --> ((Box((q --> ⊥)) --> ⊥) --> ⊥)) --> ⊥) --> ⊥)) --> ⊥)) --> (((Box((((r --> ((Box((q --> ⊥)) --> ⊥) --> ⊥)) --> ⊥) --> ⊥)) --> ⊥) --> v) --> ⊥)) --> ⊥)))) --> ⊥)) --> ⊥),61
17,!(Box(Diamond(Diamond(!(((r || (t && x)) <-> (!(!(⊥)) --> !(p)))))))),(Box((Box(((Box((((((((r --> ⊥) --> ((t --> (x --> ⊥)) --> ⊥)) --> (((⊥ --> ⊥) --> ⊥) --> (p --> ⊥))) --> (((((⊥ --> ⊥) --> ⊥) --> (p --> ⊥)) --> ((r --> ⊥) --> ((t --> (x --> ⊥)) --> ⊥))) --> ⊥)) --> ⊥) --> ⊥) --> ⊥)) --> ⊥) --> ⊥)) --> ⊥)) --> ⊥),62
17,Diamond(Box(Box((!(w) && ((u --> (⊥ && v)) && (w && !(!(q)))))))),(Box((Box(Box((((w --> ⊥) --> ((((u --> ((⊥ --> (v --> ⊥)) --> ⊥)) --> (((w --> (((q --> ⊥) --> ⊥) --> ⊥)) --> ⊥) --> ⊥)) --> ⊥) --> ⊥)) --> ⊥))) --> ⊥)) --> ⊥),40
17,Diamond(((Box((p || p)) && !(((Box(z) --> x) --> (v --> ⊥)))) --> v)),(Box(((((Box(((p --> ⊥) --> p)) --> ((((Box(z) --> x) --> (v --> ⊥)) --> ⊥) --> ⊥)) --> ⊥) --> v) --> ⊥)) --> ⊥),28